-- phpMyAdmin SQL Dump
-- version 5.0.3
-- https://www.phpmyadmin.net/
--
-- Host: 127.0.0.1
-- Waktu pembuatan: 30 Sep 2024 pada 17.39
-- Versi server: 10.4.14-MariaDB
-- Versi PHP: 7.4.11

SET SQL_MODE = "NO_AUTO_VALUE_ON_ZERO";
START TRANSACTION;
SET time_zone = "+00:00";


/*!40101 SET @OLD_CHARACTER_SET_CLIENT=@@CHARACTER_SET_CLIENT */;
/*!40101 SET @OLD_CHARACTER_SET_RESULTS=@@CHARACTER_SET_RESULTS */;
/*!40101 SET @OLD_COLLATION_CONNECTION=@@COLLATION_CONNECTION */;
/*!40101 SET NAMES utf8mb4 */;

--
-- Database: `eposyandu`
--

-- --------------------------------------------------------

--
-- Struktur dari tabel `auth_activation_attempts`
--

CREATE TABLE `auth_activation_attempts` (
  `id` int(10) UNSIGNED NOT NULL,
  `ip_address` varchar(255) NOT NULL,
  `user_agent` varchar(255) NOT NULL,
  `token` varchar(255) DEFAULT NULL,
  `created_at` datetime NOT NULL
) ENGINE=InnoDB DEFAULT CHARSET=utf8;

-- --------------------------------------------------------

--
-- Struktur dari tabel `auth_groups`
--

CREATE TABLE `auth_groups` (
  `id` int(10) UNSIGNED NOT NULL,
  `name` varchar(255) NOT NULL,
  `description` varchar(255) NOT NULL
) ENGINE=InnoDB DEFAULT CHARSET=utf8;

--
-- Dumping data untuk tabel `auth_groups`
--

INSERT INTO `auth_groups` (`id`, `name`, `description`) VALUES
(1, 'admin', 'site administrator'),
(2, 'kasir', 'site super admin'),
(3, 'pemilik', 'regular user'),
(4, 'administrator', 'superadmin'),
(5, 'user', 'kelola data users');

-- --------------------------------------------------------

--
-- Struktur dari tabel `auth_groups_permissions`
--

CREATE TABLE `auth_groups_permissions` (
  `group_id` int(10) UNSIGNED NOT NULL DEFAULT 0,
  `permission_id` int(10) UNSIGNED NOT NULL DEFAULT 0
) ENGINE=InnoDB DEFAULT CHARSET=utf8;

--
-- Dumping data untuk tabel `auth_groups_permissions`
--

INSERT INTO `auth_groups_permissions` (`group_id`, `permission_id`) VALUES
(1, 1),
(1, 1),
(1, 2),
(1, 2),
(2, 1),
(2, 2),
(3, 2),
(3, 2),
(4, 1),
(4, 2),
(5, 2);

-- --------------------------------------------------------

--
-- Struktur dari tabel `auth_groups_users`
--

CREATE TABLE `auth_groups_users` (
  `group_id` int(10) UNSIGNED NOT NULL DEFAULT 0,
  `user_id` int(10) UNSIGNED NOT NULL DEFAULT 0
) ENGINE=InnoDB DEFAULT CHARSET=utf8;

--
-- Dumping data untuk tabel `auth_groups_users`
--

INSERT INTO `auth_groups_users` (`group_id`, `user_id`) VALUES
(1, 1),
(1, 1),
(2, 14),
(3, 15),
(3, 17),
(3, 18),
(3, 19),
(4, 16),
(5, 22),
(5, 23),
(5, 24),
(5, 25),
(5, 26),
(5, 27);

-- --------------------------------------------------------

--
-- Struktur dari tabel `auth_logins`
--

CREATE TABLE `auth_logins` (
  `id` int(10) UNSIGNED NOT NULL,
  `ip_address` varchar(255) DEFAULT NULL,
  `email` varchar(255) DEFAULT NULL,
  `user_id` int(10) UNSIGNED DEFAULT NULL,
  `date` datetime NOT NULL,
  `success` tinyint(1) NOT NULL
) ENGINE=InnoDB DEFAULT CHARSET=utf8;

--
-- Dumping data untuk tabel `auth_logins`
--

INSERT INTO `auth_logins` (`id`, `ip_address`, `email`, `user_id`, `date`, `success`) VALUES
(1, '::1', 'inventaris@gmail.com', 3, '2023-10-02 17:16:08', 1),
(2, '::1', 'inventaris@gmail.com', 3, '2023-10-02 17:25:16', 1),
(3, '::1', 'inventaris@gmail.com', 3, '2023-10-03 06:09:03', 1),
(4, '::1', 'faradila@gmail.com', 4, '2023-10-03 06:25:15', 1),
(5, '::1', 'inventaris@gmail.com', 1, '2023-10-03 07:06:05', 1),
(6, '::1', 'faradila@gmail.com', 4, '2023-10-03 07:07:42', 1),
(7, '::1', 'inventaris@gmail.com', 1, '2023-10-03 07:31:53', 1),
(8, '::1', 'faradila@gmail.com', 4, '2023-10-03 07:32:13', 1),
(9, '::1', 'inventaris@gmail.com', 1, '2023-10-03 07:34:50', 1),
(10, '::1', 'faradila@gmail.com', 4, '2023-10-03 07:44:52', 1),
(11, '::1', 'inventaris@gmail.com', 1, '2023-10-03 07:45:08', 1),
(12, '::1', 'opo@gmail.com', 5, '2023-10-03 07:50:44', 1),
(13, '::1', 'faradila@gmail.com', 4, '2023-10-03 10:56:00', 1),
(14, '::1', 'opo@gmail.com', 5, '2023-10-03 10:56:19', 1),
(15, '::1', 'inventaris@gmail.com', 1, '2023-10-04 03:52:36', 1),
(16, '::1', 'faradila@gmail.com', 4, '2023-10-04 04:00:40', 1),
(17, '::1', 'inventaris@gmail.com', 1, '2023-10-04 04:29:11', 1),
(18, '::1', 'faradila@gmail.com', 4, '2023-10-04 04:29:21', 1),
(19, '::1', 'inventaris@gmail.com', 1, '2023-10-04 04:49:03', 1),
(20, '::1', 'faradila@gmail.com', 4, '2023-10-04 05:37:59', 1),
(21, '::1', 'inventaris@gmail.com', 1, '2023-10-07 17:48:16', 1),
(22, '::1', 'faradila@gmail.com', 4, '2023-10-07 17:48:28', 1),
(23, '::1', 'inventaris@gmail.com', 1, '2023-10-07 18:10:59', 1),
(24, '::1', 'adminfara', NULL, '2023-10-08 09:33:50', 0),
(25, '::1', 'faradila@gmail.com', 4, '2023-10-08 09:34:02', 1),
(26, '::1', 'inventaris@gmail.com', 1, '2023-10-08 09:34:16', 1),
(27, '::1', 'inventaris@gmail.com', 1, '2023-10-08 11:20:33', 1),
(28, '::1', 'inventaris@gmail.com', 1, '2023-10-08 12:25:36', 1),
(29, '::1', 'faradila@gmail.com', 4, '2023-10-09 03:26:48', 1),
(30, '::1', 'inventaris@gmail.com', 1, '2023-10-09 03:27:20', 1),
(31, '::1', 'faradila@gmail.com', 4, '2023-10-09 03:40:00', 1),
(32, '::1', 'inventaris@gmail.com', 1, '2023-10-09 03:40:07', 1),
(33, '::1', 'inventaris@gmail.com', 1, '2023-10-09 06:24:46', 1),
(34, '::1', 'inventaris@gmail.com', 1, '2023-10-09 07:43:57', 1),
(35, '::1', 'inventaris@gmail.com', 1, '2023-10-09 12:58:23', 1),
(36, '::1', 'inventaris@gmail.com', 1, '2023-10-10 06:42:18', 1),
(37, '::1', 'inventaris@gmail.com', 1, '2023-10-10 09:37:37', 1),
(38, '::1', 'inventaris@gmail.com', 1, '2023-10-10 09:38:18', 1),
(39, '::1', 'inventaris@gmail.com', 1, '2023-10-11 03:58:14', 1),
(40, '::1', 'inventaris@gmail.com', 1, '2023-10-11 05:31:36', 1),
(41, '::1', 'inventaris@gmail.com', 1, '2023-10-11 05:38:34', 1),
(42, '::1', 'inventaris@gmail.com', 1, '2023-10-11 07:16:12', 1),
(43, '::1', 'faradila@gmail.com', 4, '2023-10-11 07:21:41', 1),
(44, '::1', 'faradila@gmail.com', 4, '2023-10-11 07:22:12', 1),
(45, '::1', 'faradila@gmail.com', 4, '2023-10-11 07:22:33', 1),
(46, '::1', 'inventaris@gmail.com', 1, '2023-10-11 07:23:28', 1),
(47, '::1', 'inventaris@gmail.com', 1, '2023-10-11 17:27:46', 1),
(48, '::1', 'inventaris@gmail.com', 1, '2023-10-12 16:14:53', 1),
(49, '::1', 'inventaris@gmail.com', 1, '2023-10-12 16:17:48', 1),
(50, '::1', 'inventaris@gmail.com', 1, '2023-10-13 06:10:38', 1),
(51, '::1', 'inventaris@gmail.com', 1, '2023-10-14 05:59:19', 1),
(52, '::1', 'inventaris@gmail.com', 1, '2023-10-14 06:09:07', 1),
(53, '::1', 'Kfc@gmail.com', 6, '2023-10-14 06:10:50', 1),
(54, '::1', 'mcdonalds@gmail.com', 7, '2023-10-14 06:11:57', 1),
(55, '::1', 'faradila@gmail.com', 4, '2023-10-14 07:30:38', 1),
(56, '::1', 'inventaris@gmail.com', 1, '2023-10-15 14:46:57', 1),
(57, '::1', 'inventaris@gmail.com', 1, '2023-10-15 15:09:22', 1),
(58, '::1', 'inventaris@gmail.com', 1, '2023-10-15 16:10:37', 1),
(59, '::1', 'inventaris@gmail.com', 1, '2023-10-17 04:40:38', 1),
(60, '::1', 'inventaris@gmail.com', 1, '2023-10-18 06:17:02', 1),
(61, '::1', 'inventaris@gmail.com', 1, '2023-10-18 10:01:27', 1),
(62, '::1', 'inventaris@gmail.com', 1, '2023-10-19 01:46:00', 1),
(63, '::1', 'inventaris@gmail.com', 1, '2023-10-19 09:54:49', 1),
(64, '::1', 'inventaris@gmail.com', 1, '2023-10-19 18:53:19', 1),
(65, '::1', 'inventaris@gmail.com', 1, '2023-10-20 06:37:41', 1),
(66, '::1', 'inventaris@gmail.com', 1, '2023-10-21 05:14:35', 1),
(67, '::1', 'inventaris@gmail.com', 1, '2023-10-22 04:27:42', 1),
(68, '::1', 'inventaris@gmail.com', 1, '2023-10-22 05:50:46', 1),
(69, '::1', 'inventaris@gmail.com', 1, '2023-10-22 12:43:36', 1),
(70, '::1', 'inventaris@gmail.com', 1, '2023-10-23 04:08:19', 1),
(71, '::1', 'inventaris@gmail.com', 1, '2023-10-23 07:35:56', 1),
(72, '::1', 'inventaris@gmail.com', 1, '2023-10-24 09:27:59', 1),
(73, '::1', 'inventaris@gmail.com', 1, '2023-10-25 03:40:12', 1),
(74, '::1', 'inventaris@gmail.com', 1, '2023-10-25 14:37:06', 1),
(75, '::1', 'inventaris@gmail.com', 1, '2023-10-25 15:31:32', 1),
(76, '::1', 'inventaris@gmail.com', 1, '2023-10-25 15:37:33', 1),
(77, '::1', 'inventaris@gmail.com', 1, '2023-10-25 17:40:57', 1),
(78, '::1', 'inventaris@gmail.com', 1, '2023-10-25 17:57:13', 1),
(79, '::1', 'inventaris@gmail.com', 1, '2023-10-25 18:02:21', 1),
(80, '::1', 'inventaris@gmail.com', 1, '2023-10-25 18:05:54', 1),
(81, '::1', 'inventaris@gmail.com', 1, '2023-10-25 18:12:10', 1),
(82, '::1', 'inventaris@gmail.com', 1, '2023-10-25 18:15:02', 1),
(83, '::1', 'inventaris@gmail.com', 1, '2023-10-26 01:50:54', 1),
(84, '::1', 'inventaris@gmail.com', 1, '2023-10-26 12:41:27', 1),
(85, '::1', 'inventaris@gmail.com', 1, '2023-10-27 02:16:18', 1),
(86, '::1', 'faradila@gmail.com', 4, '2023-10-27 14:35:01', 1),
(87, '::1', 'Kfc@gmail.com', 6, '2023-10-27 14:48:35', 1),
(88, '::1', 'user@gmail.com', 4, '2023-10-27 14:50:07', 1),
(89, '::1', 'user@gmail.com', 4, '2023-10-27 15:57:15', 1),
(90, '::1', 'admin@gmail.com', 1, '2023-10-27 15:57:30', 1),
(91, '::1', 'user@gmail.com', 4, '2023-10-28 03:29:07', 1),
(92, '::1', 'admin@gmail.com', 1, '2023-10-28 07:06:57', 1),
(93, '::1', 'admin@gmail.com', 1, '2023-10-31 07:10:45', 1),
(94, '::1', 'user@gmail.com', 4, '2023-10-31 08:36:57', 1),
(95, '::1', 'admin@gmail.com', 1, '2023-11-01 04:04:22', 1),
(96, '::1', 'admin@gmail.com', 1, '2023-11-02 02:09:19', 1),
(97, '::1', 'admin@gmail.com', 1, '2023-11-03 02:03:37', 1),
(98, '::1', 'admin@gmail.com', 1, '2023-11-03 06:42:22', 1),
(99, '::1', 'user@gmail.com', 4, '2023-11-03 06:50:25', 1),
(100, '::1', 'user@gmail.com', 4, '2023-11-03 08:35:46', 1),
(101, '::1', 'admin@gmail.com', 1, '2023-11-03 08:41:29', 1),
(102, '::1', 'user@gmail.com', 4, '2023-11-03 08:47:44', 1),
(103, '::1', 'admin@gmail.com', 1, '2023-11-03 08:51:29', 1),
(104, '::1', 'admin@gmail.com', 1, '2023-11-03 08:53:07', 1),
(105, '::1', 'user@gmail.com', 4, '2023-11-03 10:23:21', 1),
(106, '::1', 'user', NULL, '2023-11-03 11:06:03', 0),
(107, '::1', 'user', NULL, '2023-11-03 11:06:08', 0),
(108, '::1', 'user', NULL, '2023-11-03 11:06:16', 0),
(109, '::1', 'user', NULL, '2023-11-03 11:08:28', 0),
(110, '::1', 'user@gmail.com', 4, '2023-11-03 11:08:47', 1),
(111, '::1', 'admin@gmail.com', 1, '2023-11-03 11:37:24', 1),
(112, '::1', 'admin@gmail.com', 1, '2023-11-04 06:47:02', 1),
(113, '::1', 'user@gmail.com', 4, '2023-11-04 07:37:48', 1),
(114, '::1', 'admin@gmail.com', 1, '2023-11-04 07:39:13', 1),
(115, '::1', 'admin@gmail.com', 1, '2023-11-04 09:28:22', 1),
(116, '::1', 'user@gmail.com', 4, '2023-11-04 10:02:34', 1),
(117, '::1', 'user@gmail.com', 4, '2023-11-04 15:15:07', 1),
(118, '::1', 'admin@gmail.com', 1, '2023-11-04 15:30:57', 1),
(119, '::1', 'admin@gmail.com', 1, '2023-11-04 15:41:16', 1),
(120, '::1', 'user@gmail.com', 4, '2023-11-04 15:56:33', 1),
(121, '::1', 'user@gmail.com', 4, '2023-11-05 03:35:45', 1),
(122, '::1', 'admin@gmail.com', 1, '2023-11-05 05:55:18', 1),
(123, '::1', 'superadmin@gmail.com', 8, '2023-11-05 10:23:01', 1),
(124, '::1', 'user@gmail.com', 4, '2023-11-05 13:40:55', 1),
(125, '::1', 'ayangkamu@gmail.com', 9, '2023-11-05 17:37:23', 1),
(126, '::1', 'superadmin@gmail.com', 8, '2023-11-05 17:45:52', 1),
(127, '::1', 'ayangkamu@gmail.com', 9, '2023-11-05 18:06:19', 1),
(128, '::1', 'user@gmail.com', 4, '2023-11-06 00:16:03', 1),
(129, '::1', 'user@gmail.com', 4, '2023-11-06 13:40:14', 1),
(130, '::1', 'user@gmail.com', 4, '2023-11-07 03:28:07', 1),
(131, '::1', 'Ratri', NULL, '2023-11-07 03:29:51', 0),
(132, '::1', 'Ratri', NULL, '2023-11-07 03:30:01', 0),
(133, '::1', 'admin@gmail.com', 1, '2023-11-07 03:30:05', 1),
(134, '::1', 'admin@gmail.com', 1, '2023-11-07 08:42:50', 1),
(135, '::1', 'Bayu', NULL, '2023-11-07 08:48:28', 0),
(136, '::1', 'Bayu', NULL, '2023-11-07 08:51:37', 0),
(137, '::1', 'user@gmail.com', 4, '2023-11-07 08:51:48', 1),
(138, '::1', 'user@gmail.com', 4, '2023-11-07 10:57:21', 1),
(139, '::1', 'user@gmail.com', 4, '2023-11-07 11:39:31', 1),
(140, '::1', 'user@gmail.com', 4, '2023-11-07 14:02:35', 1),
(141, '::1', 'admin@gmail.com', 1, '2023-11-07 14:29:55', 1),
(142, '::1', 'user@gmail.com', 4, '2023-11-07 15:24:50', 1),
(143, '::1', 'admin@gmail.com', 1, '2023-11-07 15:24:55', 1),
(144, '::1', 'user@gmail.com', 4, '2023-11-07 16:05:00', 1),
(145, '::1', 'user@gmail.com', 4, '2023-11-07 16:13:35', 1),
(146, '::1', 'user@gmail.com', 4, '2023-11-07 16:16:27', 1),
(147, '::1', 'admin@gmail.com', 1, '2023-11-07 16:24:48', 1),
(148, '::1', 'user@gmail.com', 4, '2023-11-07 16:28:12', 1),
(149, '::1', 'user@gmail.com', 4, '2023-11-07 17:28:40', 1),
(150, '::1', 'admin@gmail.com', 1, '2023-11-07 17:35:12', 1),
(151, '::1', 'juniandri@gmail.com', 4, '2023-11-07 18:05:24', 1),
(152, '::1', 'user@gmail.com', 4, '2023-11-08 03:52:15', 1),
(153, '::1', 'admin@gmail.com', 1, '2023-11-08 04:15:47', 1),
(154, '::1', 'superadmin@gmail.com', 8, '2023-11-08 04:53:48', 1),
(155, '::1', 'admin@gmail.com', 1, '2023-11-08 05:03:47', 1),
(156, '::1', 'superadmin@gmail.com', 8, '2023-11-08 05:08:33', 1),
(157, '::1', 'admin@gmail.com', 1, '2023-11-08 05:52:02', 1),
(158, '::1', 'user@gmail.com', 4, '2023-11-08 06:01:05', 1),
(159, '::1', 'superadmin@gmail.com', 8, '2023-11-08 06:13:38', 1),
(160, '::1', 'admin@gmail.com', 1, '2023-11-09 02:54:48', 1),
(161, '::1', 'admin@gmail.com', 1, '2023-11-09 02:54:49', 1),
(162, '::1', 'admin@gmail.com', 1, '2023-11-09 15:15:52', 1),
(163, '::1', 'admin@gmail.com', 1, '2023-11-10 04:09:09', 1),
(164, '::1', 'admin@gmail.com', 1, '2023-11-10 14:14:56', 1),
(165, '::1', 'admin@gmail.com', 1, '2023-11-11 07:44:12', 1),
(166, '::1', 'user@gmail.com', 4, '2023-11-11 07:44:32', 1),
(167, '::1', 'admin@gmail.com', 1, '2023-11-11 08:02:30', 1),
(168, '::1', 'admin@gmail.com', 1, '2023-11-12 06:29:12', 1),
(169, '::1', 'user', NULL, '2023-11-12 06:32:46', 0),
(170, '::1', 'user', NULL, '2023-11-12 06:32:55', 0),
(171, '::1', 'user@gmail.com', 4, '2023-11-12 06:33:52', 1),
(172, '::1', 'superadmin@gmail.com', 8, '2023-11-12 06:35:50', 1),
(173, '::1', 'admin@gmail.com', 1, '2023-11-12 06:40:00', 1),
(174, '::1', 'user@gmail.com', 4, '2023-11-12 06:42:58', 1),
(175, '::1', 'admin@gmail.com', 1, '2023-11-12 06:59:35', 1),
(176, '::1', 'admin@gmail.com', 1, '2023-11-12 11:43:35', 1),
(177, '::1', 'admin@gmail.com', 1, '2023-11-14 08:49:53', 1),
(178, '::1', 'user@gmail.com', 4, '2023-11-14 09:13:54', 1),
(179, '::1', 'admin@gmail.com', 1, '2023-11-15 04:41:37', 1),
(180, '::1', 'user@gmail.com', 4, '2023-11-15 05:26:25', 1),
(181, '::1', 'admin@gmail.com', 1, '2023-11-16 06:09:13', 1),
(182, '::1', 'user@gmail.com', 4, '2023-11-16 07:19:50', 1),
(183, '::1', 'admin@gmail.com', 1, '2023-11-17 03:39:23', 1),
(184, '::1', 'admin@gmail.com', 1, '2023-11-17 07:23:18', 1),
(185, '::1', 'admin@gmail.com', 1, '2023-11-17 08:42:56', 1),
(186, '::1', 'admin@gmail.com', 1, '2023-11-17 09:34:15', 1),
(187, '::1', 'admin@gmail.com', 1, '2023-11-17 10:19:13', 1),
(188, '::1', 'admin@gmail.com', 1, '2023-11-17 12:51:48', 1),
(189, '::1', 'admin@gmail.com', 1, '2023-11-17 14:46:38', 1),
(190, '::1', 'admin@gmail.com', 1, '2023-11-18 03:59:40', 1),
(191, '::1', 'admin@gmail.com', 1, '2023-11-18 04:28:28', 1),
(192, '::1', 'admin@gmail.com', 1, '2023-11-21 10:07:32', 1),
(193, '::1', 'admin@gmail.com', 1, '2023-11-22 07:55:12', 1),
(194, '::1', 'user@gmail.com', 4, '2023-11-22 07:55:49', 1),
(195, '::1', 'admin@gmail.com', 1, '2023-11-22 08:30:40', 1),
(196, '::1', 'user@gmail.com', 4, '2023-11-22 10:42:10', 1),
(197, '::1', 'superadmin@gmail.com', 8, '2023-11-22 10:44:19', 1),
(198, '::1', 'admin@gmail.com', 1, '2023-11-22 10:47:42', 1),
(199, '::1', 'admin@gmail.com', 1, '2023-11-23 05:10:43', 1),
(200, '::1', 'user@gmail.com', 4, '2023-11-23 05:30:00', 1),
(201, '::1', 'admin@gmail.com', 1, '2023-11-23 14:33:27', 1),
(202, '::1', 'user@gmail.com', 4, '2023-11-23 14:34:26', 1),
(203, '::1', 'admin@gmail.com', 1, '2023-11-23 14:38:12', 1),
(204, '::1', 'superadmin@gmail.com', 8, '2023-11-23 14:41:23', 1),
(205, '::1', 'admin@gmail.com', 1, '2023-11-23 14:43:31', 1),
(206, '::1', 'sadmin', NULL, '2023-11-23 14:47:51', 0),
(207, '::1', 'sadmin', NULL, '2023-11-23 14:47:59', 0),
(208, '::1', 'superadmin@gmail.com', 8, '2023-11-23 14:48:09', 1),
(209, '::1', 'admin@gmail.com', 1, '2023-11-23 14:50:52', 1),
(210, '::1', 'superadmin@gmail.com', 8, '2023-11-23 14:56:14', 1),
(211, '::1', 'admin@gmail.com', 1, '2023-11-23 16:41:43', 1),
(212, '::1', 'admin@gmail.com', 1, '2023-11-24 06:57:19', 1),
(213, '::1', 'user@gmail.com', 4, '2023-11-24 06:58:24', 1),
(214, '::1', 'user@gmail.com', 4, '2023-11-25 15:03:08', 1),
(215, '::1', 'user@gmail.com', 4, '2023-11-26 16:59:35', 1),
(216, '::1', 'admin@gmail.com', 1, '2023-11-26 17:05:44', 1),
(217, '::1', 'superadmin@gmail.com', 8, '2023-11-26 17:21:38', 1),
(218, '::1', 'user@gmail.com', 4, '2023-11-26 17:22:35', 1),
(219, '::1', 'admin@gmail.com', 1, '2023-11-26 17:25:47', 1),
(220, '::1', 'user@gmail.com', 4, '2023-11-26 17:48:04', 1),
(221, '::1', 'admin@gmail.com', 1, '2023-11-26 18:02:22', 1),
(222, '::1', 'admin@gmail.com', 1, '2023-11-27 02:11:51', 1),
(223, '::1', 'user@gmail.com', 4, '2023-11-27 03:35:33', 1),
(224, '::1', 'admin@gmail.com', 1, '2023-11-27 04:39:17', 1),
(225, '::1', 'user@gmail.com', 4, '2023-11-27 12:44:40', 1),
(226, '::1', 'admin@gmail.com', 1, '2023-11-28 05:54:00', 1),
(227, '::1', 'user@gmail.com', 4, '2023-11-28 06:25:26', 1),
(228, '::1', 'admin@gmail.com', 1, '2023-11-28 08:22:31', 1),
(229, '::1', 'admin@gmail.com', 1, '2023-11-28 14:10:20', 1),
(230, '::1', 'user@gmail.com', 4, '2023-11-28 14:14:56', 1),
(231, '::1', 'admin@gmail.com', 1, '2023-11-28 14:27:00', 1),
(232, '::1', 'user@gmail.com', 4, '2023-11-28 16:30:57', 1),
(233, '::1', 'bps@gmail.com', 10, '2023-11-28 16:35:26', 1),
(234, '::1', 'superadmin@gmail.com', 8, '2023-11-28 19:18:14', 1),
(235, '::1', 'admin@gmail.com', 1, '2023-11-29 05:07:42', 1),
(236, '::1', 'user@gmail.com', 4, '2023-11-29 07:12:59', 1),
(237, '::1', 'admin@gmail.com', 1, '2023-11-29 07:15:07', 1),
(238, '::1', 'user@gmail.com', 4, '2023-11-29 07:46:43', 1),
(239, '::1', 'admin@gmail.com', 1, '2023-11-30 06:27:38', 1),
(240, '::1', 'admin@gmail.com', 1, '2023-11-30 06:27:40', 1),
(241, '::1', 'superadmin@gmail.com', 8, '2023-11-30 06:49:24', 1),
(242, '::1', 'admin@gmail.com', 1, '2023-11-30 06:50:37', 1),
(243, '::1', 'superadmin@gmail.com', 8, '2023-11-30 06:51:24', 1),
(244, '::1', 'user@gmail.com', 4, '2023-12-01 06:28:24', 1),
(245, '::1', 'admin@gmail.com', 1, '2023-12-01 06:28:54', 1),
(246, '::1', 'admin', NULL, '2023-12-02 06:13:31', 0),
(247, '::1', 'admin@gmail.com', 1, '2023-12-02 06:13:46', 1),
(248, '::1', 'DrsRahyudin', NULL, '2023-12-02 06:51:39', 0),
(249, '::1', 'admin@gmail.com', 1, '2023-12-02 06:51:59', 1),
(250, '::1', 'admin@gmail.com', 1, '2023-12-04 09:48:18', 1),
(251, '::1', 'admin@gmail.com', 1, '2023-12-04 17:05:36', 1),
(252, '::1', 'admin@gmail.com', 1, '2023-12-04 17:08:43', 1),
(253, '::1', 'admin@gmail.com', 1, '2023-12-04 18:15:41', 1),
(254, '::1', 'admin@gmail.com', 1, '2023-12-05 07:15:10', 1),
(255, '::1', 'admin@gmail.com', 1, '2023-12-06 04:29:02', 1),
(256, '::1', 'admin@gmail.com', 1, '2023-12-06 05:16:09', 1),
(257, '::1', 'atena@gmail.com', 11, '2023-12-06 05:54:05', 1),
(258, '::1', 'admin@gmail.com', 1, '2023-12-06 06:27:00', 1),
(259, '::1', 'admin@gmail.com', 1, '2023-12-06 06:48:16', 1),
(260, '::1', 'admin@gmail.com', 1, '2023-12-06 08:34:35', 1),
(261, '::1', 'fatrisfaradila@gmail.com', 13, '2023-12-06 08:41:14', 1),
(262, '::1', 'admin@gmail.com', 1, '2023-12-06 08:41:23', 1),
(263, '::1', 'admin@gmail.com', 1, '2023-12-06 10:51:08', 1),
(264, '::1', 'admin@gmail.com', 1, '2023-12-07 01:38:21', 1),
(265, '::1', 'superadmin@gmail.com', 8, '2023-12-07 01:55:20', 1),
(266, '::1', 'admin@gmail.com', 1, '2023-12-07 09:43:23', 1),
(267, '::1', 'fatrisfaradila@gmail.com', 13, '2023-12-07 11:03:32', 1),
(268, '::1', 'admin@gmail.com', 1, '2023-12-07 14:41:36', 1),
(269, '::1', 'fatris', 13, '2023-12-07 15:04:14', 0),
(270, '::1', 'fatris', 13, '2023-12-07 15:04:30', 0),
(271, '::1', 'admin@gmail.com', 1, '2023-12-08 03:14:54', 1),
(272, '::1', 'admin@gmail.com', 1, '2023-12-09 17:27:17', 1),
(273, '::1', 'admin@gmail.com', 1, '2023-12-10 04:28:22', 1),
(274, '::1', 'admin@gmail.com', 1, '2023-12-10 05:04:48', 1),
(275, '::1', 'user@gmail.com', 4, '2023-12-10 05:05:47', 1),
(276, '::1', 'admin@gmail.com', 1, '2023-12-10 05:09:30', 1),
(277, '::1', 'admin@gmail.com', 1, '2023-12-10 05:15:14', 1),
(278, '::1', 'admin@gmail.com', 1, '2023-12-10 05:27:07', 1),
(279, '::1', 'user@gmail.com', 4, '2023-12-10 05:34:56', 1),
(280, '::1', 'admin@gmail.com', 1, '2023-12-10 05:40:15', 1),
(281, '::1', 'admin@gmail.com', 1, '2023-12-10 07:48:21', 1),
(282, '::1', 'admin@gmail.com', 1, '2023-12-10 11:46:33', 1),
(283, '::1', 'user@gmail.com', 4, '2023-12-10 11:49:41', 1),
(284, '::1', 'user@gmail.com', 4, '2023-12-10 12:01:29', 1),
(285, '::1', 'admin@gmail.com', 1, '2023-12-11 02:55:30', 1),
(286, '::1', 'admin@gmail.com', 1, '2023-12-11 14:47:57', 1),
(287, '::1', 'user@gmail.com', 4, '2023-12-11 15:36:20', 1),
(288, '::1', 'admin@gmail.com', 1, '2023-12-11 15:59:42', 1),
(289, '::1', 'admin@gmail.com', 1, '2023-12-12 08:50:58', 1),
(290, '::1', 'admin@gmail.com', 1, '2023-12-13 10:31:47', 1),
(291, '::1', 'user@gmail.com', 4, '2023-12-13 10:38:44', 1),
(292, '::1', 'admin@gmail.com', 1, '2023-12-17 10:04:31', 1),
(293, '::1', 'user@gmail.com', 4, '2023-12-17 10:18:33', 1),
(294, '::1', 'user@gmail.com', 4, '2023-12-17 10:27:06', 1),
(295, '::1', 'admin@gmail.com', 1, '2023-12-17 10:27:19', 1),
(296, '::1', 'superadmin@gmail.com', 8, '2023-12-17 10:41:07', 1),
(297, '::1', 'admin@gmail.com', 1, '2023-12-17 15:03:06', 1),
(298, '::1', 'admin@gmail.com', 1, '2023-12-18 06:35:41', 1),
(299, '::1', 'admin@gmail.com', 1, '2023-12-18 06:41:22', 1),
(300, '::1', 'admin@gmail.com', 1, '2023-12-19 06:09:25', 1),
(301, '::1', 'user@gmail.com', 4, '2023-12-19 06:11:46', 1),
(302, '::1', 'admin@gmail.com', 1, '2023-12-19 08:51:38', 1),
(303, '::1', 'admin@gmail.com', 1, '2023-12-19 16:35:41', 1),
(304, '::1', 'user@gmail.com', 4, '2023-12-20 07:08:48', 1),
(305, '::1', 'admin@gmail.com', 1, '2023-12-20 07:09:32', 1),
(306, '::1', 'user@gmail.com', 4, '2023-12-20 07:13:42', 1),
(307, '::1', 'admin@gmail.com', 1, '2023-12-20 07:14:15', 1),
(308, '::1', 'user@gmail.com', 4, '2023-12-20 07:15:47', 1),
(309, '::1', 'admin@gmail.com', 1, '2023-12-20 07:16:32', 1),
(310, '::1', 'admin@gmail.com', 1, '2023-12-21 03:03:19', 1),
(311, '::1', 'admin', NULL, '2023-12-21 03:27:57', 0),
(312, '::1', 'admin@gmail.com', 1, '2023-12-21 03:37:32', 1),
(313, '::1', 'user@gmail.com', 4, '2023-12-21 06:05:06', 1),
(314, '::1', 'superadmin@gmail.com', 8, '2023-12-21 07:41:38', 1),
(315, '::1', 'admin@gmail.com', 1, '2023-12-22 12:20:15', 1),
(316, '::1', 'user@gmail.com', 4, '2023-12-22 13:35:58', 1),
(317, '::1', 'admin@gmail.com', 1, '2023-12-22 13:39:54', 1),
(318, '::1', 'user', NULL, '2023-12-22 14:57:16', 0),
(319, '::1', 'user', NULL, '2023-12-22 14:58:08', 0),
(320, '::1', 'superadmin@gmail.com', 8, '2023-12-22 18:37:03', 1),
(321, '::1', 'admin@gmail.com', 1, '2023-12-23 01:47:15', 1),
(322, '::1', 'admin@gmail.com', 1, '2023-12-23 08:45:40', 1),
(323, '::1', 'admin@gmail.com', 1, '2023-12-25 15:48:22', 1),
(324, '::1', 'admin@gmail.com', 1, '2023-12-26 05:09:35', 1),
(325, '::1', 'admin', NULL, '2023-12-27 10:45:07', 0),
(326, '::1', 'admin', NULL, '2023-12-27 10:45:23', 0),
(327, '::1', 'admin@gmail.com', 1, '2023-12-27 10:45:39', 1),
(328, '::1', 'admin@gmail.com', 1, '2023-12-30 08:26:34', 1),
(329, '::1', 'admin@gmail.com', 1, '2023-12-30 13:45:10', 1),
(330, '::1', 'admin@gmail.com', 1, '2023-12-31 01:24:24', 1),
(331, '::1', 'admin@gmail.com', 1, '2023-12-31 02:06:44', 1),
(332, '::1', 'admin@gmail.com', 1, '2023-12-31 04:16:49', 1),
(333, '::1', 'user@gmail.com', 4, '2023-12-31 04:17:18', 1),
(334, '::1', 'admin@gmail.com', 1, '2024-01-01 01:07:24', 1),
(335, '::1', 'user@gmail.com', 4, '2024-01-01 01:13:18', 1),
(336, '::1', 'admin@gmail.com', 1, '2024-01-01 01:37:48', 1),
(337, '::1', 'admin@gmail.com', 1, '2024-01-01 02:33:01', 1),
(338, '::1', 'admin@gmail.com', 1, '2024-01-01 02:39:20', 1),
(339, '::1', 'admin@gmail.com', 1, '2024-01-01 02:56:50', 1),
(340, '::1', 'admin@gmail.com', 1, '2024-01-06 02:23:28', 1),
(341, '::1', 'admin@gmail.com', 1, '2024-01-06 02:24:59', 1),
(342, '::1', 'superadmin@gmail.com', 8, '2024-01-06 04:46:04', 1),
(343, '::1', 'superadmin@gmail.com', 8, '2024-01-06 09:57:02', 1),
(344, '::1', 'admin@gmail.com', 1, '2024-01-06 09:57:20', 1),
(345, '::1', 'admin@gmail.com', 1, '2024-01-08 08:06:18', 1),
(346, '::1', 'superadmin@gmail.com', 8, '2024-01-08 08:46:01', 1),
(347, '::1', 'admin@gmail.com', 1, '2024-01-08 08:48:03', 1),
(348, '::1', 'user@gmail.com', 4, '2024-01-08 09:32:56', 1),
(349, '::1', 'superadmin@gmail.com', 8, '2024-01-09 09:02:53', 1),
(350, '::1', 'admin@gmail.com', 1, '2024-01-09 15:42:02', 1),
(351, '::1', 'admin@gmail.com', 1, '2024-01-09 15:42:23', 1),
(352, '::1', 'admin@gmail.com', 1, '2024-01-09 15:49:27', 1),
(353, '::1', 'admin@gmail.com', 1, '2024-01-09 15:58:18', 1),
(354, '::1', 'admin@gmail.com', 1, '2024-01-09 16:25:30', 1),
(355, '::1', 'pegawai@gmail.com', 15, '2024-01-09 16:25:44', 1),
(356, '::1', 'petugas', NULL, '2024-01-09 16:25:57', 0),
(357, '::1', 'petugas_pengadaan@gmail.com', 14, '2024-01-09 16:26:05', 1),
(358, '::1', 'admin@gmail.com', 1, '2024-01-10 18:21:39', 1),
(359, '::1', 'admin@gmail.com', 1, '2024-01-11 09:31:14', 1),
(360, '::1', 'pegawai@gmail.com', 15, '2024-01-11 11:16:39', 1),
(361, '::1', 'pegawai@gmail.com', 15, '2024-01-11 11:52:33', 1),
(362, '::1', 'pegawai@gmail.com', 15, '2024-01-11 11:52:45', 1),
(363, '::1', 'petugas_pengadaan@gmail.com', 14, '2024-01-11 11:53:16', 1),
(364, '::1', 'petugas_pengadaan@gmail.com', 14, '2024-01-11 12:04:14', 1),
(365, '::1', 'petugas_pengadaan@gmail.com', 14, '2024-01-11 15:21:44', 1),
(366, '::1', 'admin@gmail.com', 1, '2024-01-12 20:28:22', 1),
(367, '::1', 'petugas_pengadaan@gmail.com', 14, '2024-01-12 20:35:29', 1),
(368, '::1', 'petugas_pengadaan@gmail.com', 14, '2024-01-12 23:07:18', 1),
(369, '::1', 'admin@gmail.com', 1, '2024-01-13 01:31:13', 1),
(370, '::1', 'petugas_pengadaan@gmail.com', 14, '2024-01-13 06:31:26', 1),
(371, '::1', 'admin@gmail.com', 1, '2024-01-13 06:55:21', 1),
(372, '::1', 'admin@gmail.com', 1, '2024-01-13 09:39:45', 1),
(373, '::1', 'petugas_pengadaan@gmail.com', 14, '2024-01-13 09:41:15', 1),
(374, '::1', 'pegawai@gmail.com', 15, '2024-01-13 09:48:39', 1),
(375, '::1', 'petugas_pengadaan@gmail.com', 14, '2024-01-13 09:53:50', 1),
(376, '::1', 'admin@gmail.com', 1, '2024-01-13 09:55:16', 1),
(377, '::1', 'admin@gmail.com', 1, '2024-01-13 22:41:43', 1),
(378, '::1', 'admin@gmail.com', 1, '2024-01-14 13:30:14', 1),
(379, '::1', 'admin@gmail.com', 1, '2024-01-14 19:33:51', 1),
(380, '::1', 'admin@gmail.com', 1, '2024-01-15 11:07:23', 1),
(381, '::1', 'admin@gmail.com', 1, '2024-01-15 13:42:51', 1),
(382, '::1', 'pegawai@gmail.com', 15, '2024-01-15 14:50:49', 1),
(383, '::1', 'petugas_pengadaan@gmail.com', 14, '2024-01-15 17:10:26', 1),
(384, '::1', 'petugas_pengadaan@gmail.com', 14, '2024-01-15 20:40:26', 1),
(385, '::1', 'admin@gmail.com', 1, '2024-01-15 21:03:05', 1),
(386, '::1', 'adminventaris', NULL, '2024-01-15 22:44:28', 0),
(387, '::1', 'admin@gmail.com', 1, '2024-01-15 22:44:33', 1),
(388, '::1', 'admin@gmail.com', 1, '2024-01-15 22:45:20', 1),
(389, '::1', 'petugas_pengadaan@gmail.com', 14, '2024-01-15 22:45:36', 1),
(390, '::1', 'petugas_pengadaan@gmail.com', 14, '2024-01-16 09:17:29', 1),
(391, '::1', 'admin@gmail.com', 1, '2024-01-16 09:17:35', 1),
(392, '::1', 'admin@gmail.com', 1, '2024-01-16 11:39:46', 1),
(393, '::1', 'petugas_pengadaan@gmail.com', 14, '2024-01-16 11:40:59', 1),
(394, '::1', 'pegawai@gmail.com', 15, '2024-01-18 17:45:55', 1),
(395, '::1', 'admin@gmail.com', 1, '2024-01-18 18:42:57', 1),
(396, '::1', 'pegawai@gmail.com', 15, '2024-01-18 18:44:58', 1),
(397, '::1', 'pegawai@gmail.com', 15, '2024-01-18 18:45:57', 1),
(398, '::1', 'pegawai@gmail.com', 15, '2024-01-18 19:52:28', 1),
(399, '::1', 'petugas_pengadaan@gmail.com', 14, '2024-01-18 20:39:55', 1),
(400, '::1', 'admin@gmail.com', 1, '2024-01-18 22:37:07', 1),
(401, '::1', 'pegawai@gmail.com', 15, '2024-01-19 08:13:09', 1),
(402, '::1', 'pegawai@gmail.com', 15, '2024-01-19 08:29:34', 1),
(403, '::1', 'petugas_pengadaan@gmail.com', 14, '2024-01-19 08:29:49', 1),
(404, '::1', 'admin@gmail.com', 1, '2024-01-19 09:34:31', 1),
(405, '::1', 'admin@gmail.com', 1, '2024-01-20 11:10:00', 1),
(406, '::1', 'pegawai@gmail.com', 15, '2024-01-20 11:10:03', 1),
(407, '::1', 'pegawai@gmail.com', 15, '2024-01-20 13:58:13', 1),
(408, '::1', 'pegawai@gmail.com', 15, '2024-01-20 13:59:57', 1),
(409, '::1', 'pegawai@gmail.com', 15, '2024-01-20 14:09:09', 1),
(410, '::1', 'pegawai@gmail.com', 15, '2024-01-20 14:42:38', 1),
(411, '::1', 'pegawai@gmail.com', 15, '2024-01-20 15:03:25', 1),
(412, '::1', 'pegawai@gmail.com', 15, '2024-01-20 15:09:30', 1),
(413, '::1', 'admin@gmail.com', 1, '2024-01-20 15:59:23', 1),
(414, '::1', 'pegawai@gmail.com', 15, '2024-01-20 16:00:10', 1),
(415, '::1', 'pegawai@gmail.com', 15, '2024-01-20 17:31:26', 1),
(416, '::1', 'admin@gmail.com', 1, '2024-01-20 17:51:22', 1),
(417, '::1', 'admin@gmail.com', 1, '2024-01-20 21:54:45', 1),
(418, '::1', 'admin@gmail.com', 1, '2024-01-21 10:33:16', 1),
(419, '::1', 'admin@gmail.com', 1, '2024-01-21 21:49:26', 1),
(420, '::1', 'petugas_pengadaan@gmail.com', 14, '2024-01-22 11:38:50', 1),
(421, '::1', 'admin@gmail.com', 1, '2024-01-22 14:36:37', 1),
(422, '::1', 'admin@gmail.com', 1, '2024-02-05 08:18:46', 1),
(423, '::1', 'admin@gmail.com', 1, '2024-02-05 12:20:36', 1),
(424, '::1', 'admin', NULL, '2024-02-05 20:54:04', 0),
(425, '::1', 'admin@gmail.com', 1, '2024-02-05 20:55:53', 1),
(426, '::1', 'admin', NULL, '2024-02-06 06:30:10', 0),
(427, '::1', 'admin', NULL, '2024-02-06 06:30:18', 0),
(428, '::1', 'admin', NULL, '2024-02-06 06:30:27', 0),
(429, '::1', 'admin@gmail.com', 1, '2024-02-06 06:30:49', 1),
(430, '::1', 'admmin', NULL, '2024-02-06 17:10:13', 0),
(431, '::1', 'admin', NULL, '2024-02-06 17:10:26', 0),
(432, '::1', 'admin@gmail.com', 1, '2024-02-06 17:10:34', 1),
(433, '::1', 'admin@gmail.com', 1, '2024-02-07 08:15:05', 1),
(434, '::1', 'admin@gmail.com', 1, '2024-02-07 17:39:20', 1),
(435, '::1', 'admin@gmail.com', 1, '2024-02-07 20:37:16', 1),
(436, '::1', 'admin', NULL, '2024-02-08 10:33:17', 0),
(437, '::1', 'admin@gmail.com', 1, '2024-02-08 10:33:24', 1),
(438, '::1', 'admin@gmail.com', 1, '2024-02-08 13:34:45', 1),
(439, '::1', 'petugas_pengadaan@gmail.com', 14, '2024-02-08 15:04:56', 1),
(440, '::1', 'pegawai@gmail.com', 15, '2024-02-08 15:05:48', 1),
(441, '::1', 'admin', NULL, '2024-02-08 16:24:43', 0),
(442, '::1', 'admin@gmail.com', 1, '2024-02-08 16:25:02', 1),
(443, '::1', 'admin', NULL, '2024-02-08 22:41:15', 0),
(444, '::1', 'admin@gmail.com', 1, '2024-02-08 22:41:26', 1),
(445, '::1', 'admin', NULL, '2024-02-09 19:46:16', 0),
(446, '::1', 'admin', NULL, '2024-02-09 19:46:23', 0),
(447, '::1', 'admin@gmail.com', 1, '2024-02-09 19:46:36', 1),
(448, '::1', 'petugas_pengadaan@gmail.com', 14, '2024-02-09 21:41:19', 1),
(449, '::1', 'admin@gmail.com', 1, '2024-02-09 22:45:04', 1),
(450, '::1', 'petugas_pengadaan@gmail.com', 14, '2024-02-10 10:52:33', 1),
(451, '::1', 'Karyawan', NULL, '2024-02-10 10:58:42', 0),
(452, '::1', 'admin', NULL, '2024-02-10 10:58:57', 0),
(453, '::1', 'admin@gmail.com', 1, '2024-02-10 10:59:05', 1),
(454, '::1', 'pegawai', NULL, '2024-02-10 11:01:52', 0),
(455, '::1', 'pegawai@gmail.com', 15, '2024-02-10 11:02:01', 1),
(456, '::1', 'admin@gmail.com', 1, '2024-02-10 16:32:00', 1),
(457, '::1', 'admin@gmail.com', 1, '2024-02-10 17:12:42', 1),
(458, '::1', 'pegawai@gmail.com', 15, '2024-02-10 17:13:13', 1),
(459, '::1', 'admin', NULL, '2024-02-10 19:11:07', 0),
(460, '::1', 'admin', NULL, '2024-02-10 19:11:26', 0),
(461, '::1', 'admin', NULL, '2024-02-10 19:11:33', 0),
(462, '::1', 'admin', NULL, '2024-02-10 19:11:56', 0),
(463, '::1', 'admin@gmail.com', 1, '2024-02-10 19:12:04', 1),
(464, '::1', 'petugas_pengadaan@gmail.com', 14, '2024-02-10 19:26:03', 1),
(465, '::1', 'admin@gmail.com', 1, '2024-02-10 19:47:35', 1),
(466, '::1', 'admin@gmail.com', 1, '2024-02-10 20:25:16', 1),
(467, '::1', 'petugas_pengadaan@gmail.com', 14, '2024-02-10 20:26:14', 1),
(468, '::1', 'admin@gmail.com', 1, '2024-02-10 21:37:56', 1),
(469, '::1', 'petugas_pengadaan@gmail.com', 14, '2024-02-10 22:20:57', 1),
(470, '::1', 'pegawai@gmail.com', 15, '2024-02-10 22:23:24', 1),
(471, '::1', 'petugas_pengadaan@gmail.com', 14, '2024-02-10 22:29:59', 1),
(472, '::1', 'admin@gmail.com', 1, '2024-02-10 22:30:18', 1),
(473, '::1', 'admin@gmail.com', 1, '2024-02-11 10:58:53', 1),
(474, '::1', 'petugas_pengadaan@gmail.com', 14, '2024-02-11 11:41:38', 1),
(475, '::1', 'admin@gmail.com', 1, '2024-02-11 13:08:31', 1),
(476, '::1', 'petugas_pengadaan@gmail.com', 14, '2024-02-11 13:10:20', 1),
(477, '::1', 'petugas_pengadaan@gmail.com', 14, '2024-02-11 17:57:46', 1),
(478, '::1', 'admin', NULL, '2024-02-12 09:38:36', 0),
(479, '::1', 'admin@gmail.com', 1, '2024-02-12 09:38:46', 1),
(480, '::1', 'pegawai@gmail.com', 15, '2024-02-12 09:46:33', 1),
(481, '::1', 'admin@gmail.com', 1, '2024-02-12 09:47:22', 1),
(482, '::1', 'admin@gmail.com', 1, '2024-02-12 22:28:59', 1),
(483, '::1', 'petugas', NULL, '2024-02-12 22:57:54', 0),
(484, '::1', 'petugas_pengadaan@gmail.com', 14, '2024-02-12 22:58:09', 1),
(485, '::1', 'pegawai@gmail.com', 15, '2024-02-12 22:58:28', 1),
(486, '::1', 'admin', NULL, '2024-02-12 23:01:05', 0),
(487, '::1', 'admin@gmail.com', 1, '2024-02-12 23:02:26', 1),
(488, '::1', 'admin@gmail.com', 1, '2024-02-13 16:35:20', 1),
(489, '::1', 'pegawai', NULL, '2024-02-13 17:56:18', 0),
(490, '::1', 'pegawai@gmail.com', 15, '2024-02-13 17:56:28', 1),
(491, '::1', 'admin@gmail.com', 1, '2024-02-13 18:05:22', 1),
(492, '::1', 'admin@gmail.com', 1, '2024-02-15 22:12:46', 1),
(493, '::1', 'petugas_pengadaan@gmail.com', 14, '2024-02-15 23:15:13', 1),
(494, '::1', 'petugas_pengadaan@gmail.com', 14, '2024-02-15 23:25:03', 1),
(495, '::1', 'admin', NULL, '2024-02-15 23:26:44', 0),
(496, '::1', 'admin', NULL, '2024-02-15 23:26:50', 0),
(497, '::1', 'admin@gmail.com', 1, '2024-02-15 23:26:56', 1),
(498, '::1', 'pegawai', NULL, '2024-02-15 23:34:23', 0),
(499, '::1', 'pegawai@gmail.com', 15, '2024-02-15 23:34:36', 1),
(500, '::1', 'admin@gmail.com', 1, '2024-02-15 23:35:16', 1),
(501, '::1', 'admin', NULL, '2024-02-17 20:48:05', 0),
(502, '::1', 'admin@gmail.com', 1, '2024-02-17 20:51:43', 1),
(503, '::1', 'admin@gmail.com', 1, '2024-02-18 12:09:41', 1),
(504, '::1', 'admin@gmail.com', 1, '2024-02-18 14:52:32', 1),
(505, '::1', 'pegawai@gmail.com', 15, '2024-02-18 15:15:27', 1),
(506, '::1', 'pegawai@gmail.com', 15, '2024-02-18 15:29:00', 1),
(507, '::1', 'admin@gmail.com', 1, '2024-02-18 18:54:29', 1),
(508, '::1', 'pegawai@gmail.com', 15, '2024-02-18 18:54:49', 1),
(509, '::1', 'petugas_pengadaan@gmail.com', 14, '2024-02-18 19:00:15', 1),
(510, '::1', 'admin', NULL, '2024-02-18 19:01:10', 0),
(511, '::1', 'admin', NULL, '2024-02-18 19:01:21', 0),
(512, '::1', 'admin@gmail.com', 1, '2024-02-18 19:01:32', 1),
(513, '::1', 'admin@gmail.com', 1, '2024-02-19 05:25:17', 1),
(514, '::1', 'administrator@gmail.com', 16, '2024-02-19 06:38:05', 1),
(515, '::1', 'admin', NULL, '2024-02-19 06:47:38', 0),
(516, '::1', 'admin@gmail.com', 1, '2024-02-19 06:48:33', 1),
(517, '::1', 'admin@gmail.com', 1, '2024-02-19 09:50:34', 1),
(518, '::1', 'pegawai@gmail.com', 15, '2024-02-19 09:51:30', 1),
(519, '::1', 'admin@gmail.com', 1, '2024-02-19 13:24:20', 1),
(520, '::1', 'admin@gmail.com', 1, '2024-02-20 08:02:57', 1),
(521, '::1', 'pegawai@gmail.com', 15, '2024-02-20 08:16:05', 1),
(522, '::1', 'pegawai@gmail.com', 15, '2024-02-20 12:44:27', 1),
(523, '::1', 'admin@gmail.com', 1, '2024-02-20 16:16:02', 1),
(524, '::1', 'pegawai@gmail.com', 15, '2024-02-20 16:26:05', 1),
(525, '::1', 'admin@gmail.com', 1, '2024-02-20 16:33:33', 1),
(526, '::1', 'pegawai', NULL, '2024-02-20 16:42:23', 0),
(527, '::1', 'pegawai@gmail.com', 15, '2024-02-20 16:42:32', 1),
(528, '::1', 'administrator@gmail.com', 16, '2024-02-20 17:34:04', 1),
(529, '::1', 'ganda', NULL, '2024-02-20 17:34:53', 0),
(530, '::1', 'ganda@gmail.com', 17, '2024-02-20 17:35:01', 1),
(531, '::1', 'administrator@gmail.com', 16, '2024-02-20 17:36:05', 1),
(532, '::1', 'gandagunawan@gmail.com', 18, '2024-02-20 17:40:06', 1),
(533, '::1', 'ganda@gmail.com', 17, '2024-02-20 17:41:32', 1),
(534, '::1', 'admin@gmail.com', 1, '2024-02-20 17:45:57', 1),
(535, '::1', 'administrator@gmail.com', 16, '2024-02-20 17:52:53', 1),
(536, '::1', 'bu@gmail.com', 19, '2024-02-20 17:53:52', 1),
(537, '::1', 'pegawai@gmail.com', 15, '2024-02-20 18:05:29', 1),
(538, '::1', 'admin@gmail.com', 1, '2024-02-20 23:16:23', 1),
(539, '::1', 'pegawai@gmail.com', 15, '2024-02-20 23:40:33', 1),
(540, '::1', 'bu@gmail.com', 19, '2024-02-20 23:41:45', 1),
(541, '::1', 'admin@gmail.com', 1, '2024-02-21 05:47:34', 1),
(542, '::1', 'pegawai@gmail.com', 15, '2024-02-21 05:49:06', 1),
(543, '::1', 'admin@gmail.com', 1, '2024-02-21 09:49:21', 1),
(544, '::1', 'pegawai@gmail.com', 15, '2024-02-21 09:51:42', 1),
(545, '::1', 'admin@gmail.com', 1, '2024-02-22 10:33:51', 1),
(546, '::1', 'admin@gmail.com', 1, '2024-02-22 10:40:30', 1),
(547, '::1', 'pegawai@gmail.com', 15, '2024-02-22 10:53:04', 1),
(548, '::1', 'admin@gmail.com', 1, '2024-02-23 16:34:22', 1),
(549, '::1', 'pegawai@gmail.com', 15, '2024-02-23 16:47:00', 1),
(550, '::1', 'admin@gmail.com', 1, '2024-02-23 17:03:39', 1),
(551, '::1', 'pegawai@gmail.com', 15, '2024-02-23 17:04:45', 1),
(552, '::1', 'admin@gmail.com', 1, '2024-02-23 21:51:00', 1),
(553, '::1', 'admin@gmail.com', 1, '2024-02-24 15:43:47', 1),
(554, '::1', 'admin@gmail.com', 1, '2024-02-24 19:36:00', 1),
(555, '::1', 'admin@gmail.com', 1, '2024-02-25 20:45:10', 1),
(556, '::1', 'admin@gmail.com', 1, '2024-02-26 08:04:59', 1),
(557, '::1', 'admin@gmail.com', 1, '2024-02-26 20:02:26', 1),
(558, '::1', 'admin@gmail.com', 1, '2024-02-26 21:14:52', 1),
(559, '::1', 'admin@gmail.com', 1, '2024-02-27 00:52:49', 1),
(560, '::1', 'admin@gmail.com', 1, '2024-02-27 11:51:32', 1),
(561, '::1', 'admin@gmail.com', 1, '2024-02-27 14:33:30', 1),
(562, '::1', 'admin@gmail.com', 1, '2024-02-27 18:58:22', 1),
(563, '::1', 'admin@gmail.com', 1, '2024-02-29 17:57:33', 1),
(564, '::1', 'admin@gmail.com', 1, '2024-02-29 22:23:44', 1),
(565, '::1', 'admin@gmail.com', 1, '2024-03-01 11:28:50', 1),
(566, '::1', 'admin@gmail.com', 1, '2024-03-01 12:59:34', 1),
(567, '::1', 'admin@gmail.com', 1, '2024-03-02 23:44:43', 1),
(568, '::1', 'admin@gmail.com', 1, '2024-03-03 18:16:51', 1),
(569, '::1', 'admin@gmail.com', 1, '2024-03-03 23:00:21', 1),
(570, '::1', 'admin@gmail.com', 1, '2024-03-04 22:02:11', 1),
(571, '::1', 'admin@gmail.com', 1, '2024-03-05 01:06:53', 1),
(572, '::1', 'admin@gmail.com', 1, '2024-03-05 10:40:28', 1),
(573, '::1', 'admin@gmail.com', 1, '2024-03-05 20:27:00', 1),
(574, '::1', 'admin@gmail.com', 1, '2024-03-06 20:33:27', 1),
(575, '::1', 'admin@gmail.com', 1, '2024-03-07 21:47:58', 1),
(576, '::1', 'admin@gmail.com', 1, '2024-03-08 21:47:17', 1),
(577, '::1', 'admin@gmail.com', 1, '2024-03-11 20:48:07', 1),
(578, '::1', 'admin@gmail.com', 1, '2024-03-12 00:07:13', 1),
(579, '::1', 'admin@gmail.com', 1, '2024-03-12 13:17:40', 1),
(580, '::1', 'admin@gmail.com', 1, '2024-03-12 21:27:53', 1),
(581, '::1', 'admin@gmail.com', 1, '2024-03-12 21:53:14', 1),
(582, '::1', 'admin@gmail.com', 1, '2024-03-13 18:49:10', 1),
(583, '::1', 'admin@gmail.com', 1, '2024-03-15 17:13:32', 1),
(584, '::1', 'admin@gmail.com', 1, '2024-03-16 00:54:33', 1),
(585, '::1', 'admin@gmail.com', 1, '2024-03-17 02:33:41', 1),
(586, '::1', 'admin@gmail.com', 1, '2024-03-17 16:57:35', 1),
(587, '::1', 'admin@gmail.com', 1, '2024-03-18 01:23:23', 1),
(588, '::1', 'administrator@gmail.com', 16, '2024-03-25 22:08:31', 1),
(589, '::1', 'admin@gmail.com', 1, '2024-03-25 22:09:07', 1),
(590, '::1', 'admin@gmail.com', 1, '2024-03-27 19:24:24', 1),
(591, '::1', 'admin@gmail.com', 1, '2024-03-28 19:18:58', 1),
(592, '::1', 'admin@gmail.com', 1, '2024-03-28 21:37:34', 1),
(593, '::1', 'admin@gmail.com', 1, '2024-03-29 13:19:57', 1),
(594, '::1', 'admin@gmail.com', 1, '2024-03-29 23:43:29', 1),
(595, '::1', 'admin@gmail.com', 1, '2024-03-31 23:30:40', 1),
(596, '::1', 'admin@gmail.com', 1, '2024-04-01 01:11:11', 1),
(597, '::1', 'admin@gmail.com', 1, '2024-04-01 20:28:23', 1),
(598, '::1', 'admin@gmail.com', 1, '2024-04-02 01:41:08', 1),
(599, '::1', 'admin@gmail.com', 1, '2024-04-02 14:11:56', 1),
(600, '::1', 'admin@gmail.com', 1, '2024-04-02 18:49:38', 1),
(601, '::1', 'admin@gmail.com', 1, '2024-04-04 20:58:15', 1),
(602, '::1', 'admin@gmail.com', 1, '2024-04-05 05:31:19', 1),
(603, '::1', 'admin@gmail.com', 1, '2024-04-05 19:28:26', 1),
(604, '::1', 'admin@gmail.com', 1, '2024-04-06 17:17:33', 1),
(605, '::1', 'admin@gmail.com', 1, '2024-04-07 10:36:20', 1),
(606, '::1', 'admin@gmail.com', 1, '2024-04-08 23:39:40', 1),
(607, '::1', 'admin@gmail.com', 1, '2024-04-09 03:23:26', 1),
(608, '::1', 'admin@gmail.com', 1, '2024-04-09 15:42:38', 1),
(609, '::1', 'admin@gmail.com', 1, '2024-04-10 21:28:44', 1),
(610, '::1', 'admin@gmail.com', 1, '2024-04-10 21:28:45', 1),
(611, '::1', 'admin@gmail.com', 1, '2024-04-11 20:45:51', 1),
(612, '::1', 'admin@gmail.com', 1, '2024-04-12 20:03:47', 1),
(613, '::1', 'admin@gmail.com', 1, '2024-04-14 15:32:14', 1),
(614, '::1', 'admin@gmail.com', 1, '2024-04-14 20:04:27', 1),
(615, '::1', 'admin@gmail.com', 1, '2024-04-15 17:33:48', 1),
(616, '::1', 'admin@gmail.com', 1, '2024-04-15 21:46:04', 1),
(617, '::1', 'admin@gmail.com', 1, '2024-04-16 14:56:13', 1),
(618, '::1', 'admin@gmail.com', 1, '2024-04-17 16:10:57', 1),
(619, '::1', 'admin@gmail.com', 1, '2024-04-17 16:11:00', 1),
(620, '::1', 'admin@gmail.com', 1, '2024-04-17 19:53:10', 1),
(621, '::1', 'admin@gmail.com', 1, '2024-04-18 07:33:26', 1),
(622, '::1', 'admin', NULL, '2024-04-18 09:55:23', 0),
(623, '::1', 'admin', NULL, '2024-04-18 09:55:28', 0),
(624, '::1', 'admin', NULL, '2024-04-18 09:55:38', 0),
(625, '::1', 'admin@gmail.com', 1, '2024-04-18 09:55:43', 1),
(626, '::1', 'admin@gmail.com', 1, '2024-04-18 14:02:47', 1),
(627, '::1', 'admin', NULL, '2024-04-19 07:37:02', 0),
(628, '::1', 'admin@gmail.com', 1, '2024-04-19 07:37:10', 1),
(629, '::1', 'admin@gmail.com', 1, '2024-04-19 14:09:07', 1),
(630, '::1', 'admin@gmail.com', 1, '2024-04-19 21:18:24', 1),
(631, '::1', 'admin@gmail.com', 1, '2024-04-21 13:01:14', 1),
(632, '::1', 'admin@gmail.com', 1, '2024-04-21 17:53:17', 1),
(633, '::1', 'admin@gmail.com', 1, '2024-04-21 19:58:48', 1),
(634, '::1', 'admin@gmail.com', 1, '2024-04-21 20:53:28', 1),
(635, '::1', 'admin@gmail.com', 1, '2024-04-21 22:49:27', 1),
(636, '::1', 'admin', NULL, '2024-05-23 20:35:40', 0),
(637, '::1', 'admin', NULL, '2024-05-23 20:35:51', 0),
(638, '::1', 'admin@gmail.com', 1, '2024-05-23 20:35:58', 1),
(639, '::1', 'admin@gmail.com', 1, '2024-05-23 21:38:23', 1),
(640, '::1', 'admin@gmail.com', 1, '2024-05-25 15:45:31', 1),
(641, '::1', 'admin@gmail.com', 1, '2024-05-25 18:42:02', 1),
(642, '::1', 'admin@gmail.com', 1, '2024-05-26 09:27:23', 1),
(643, '::1', 'admin@gmail.com', 1, '2024-05-26 19:13:20', 1),
(644, '::1', 'admin@gmail.com', 1, '2024-05-26 19:42:54', 1),
(645, '::1', 'admin@gmail.com', 1, '2024-05-26 19:44:48', 1),
(646, '::1', 'admin@gmail.com', 1, '2024-05-26 20:19:13', 1),
(647, '::1', 'admin@gmail.com', 1, '2024-05-26 20:37:13', 1),
(648, '::1', 'admin@gmail.com', 1, '2024-05-26 21:29:32', 1),
(649, '::1', 'admin@gmail.com', 1, '2024-05-27 16:32:05', 1),
(650, '::1', 'admin@gmail.com', 1, '2024-05-27 16:49:58', 1),
(651, '::1', 'admin@gmail.com', 1, '2024-05-27 16:51:48', 1),
(652, '::1', 'admin@gmail.com', 1, '2024-05-29 20:38:30', 1),
(653, '::1', 'admin@gmail.com', 1, '2024-05-31 17:26:37', 1),
(654, '::1', 'admin@gmail.com', 1, '2024-06-01 20:17:43', 1),
(655, '::1', 'admin@gmail.com', 1, '2024-06-01 21:53:21', 1),
(656, '::1', 'admin@gmail.com', 1, '2024-06-01 22:01:01', 1),
(657, '::1', 'admin@gmail.com', 1, '2024-06-02 02:35:23', 1),
(658, '::1', 'admin@gmail.com', 1, '2024-06-02 10:35:14', 1),
(659, '::1', 'admin@gmail.com', 1, '2024-06-02 20:23:38', 1),
(660, '::1', 'admin@gmail.com', 1, '2024-06-03 16:11:20', 1),
(661, '::1', 'admin@gmail.com', 1, '2024-06-04 15:47:53', 1),
(662, '::1', 'admin@gmail.com', 1, '2024-06-04 19:56:57', 1),
(663, '::1', 'admin@gmail.com', 1, '2024-06-05 20:08:22', 1),
(664, '::1', 'admin@gmail.com', 1, '2024-06-06 18:23:34', 1),
(665, '::1', 'petugas_pengadaan@gmail.com', 14, '2024-06-06 20:59:26', 1),
(666, '::1', 'kasir@gmail.com', 14, '2024-06-06 21:12:34', 1),
(667, '::1', 'pegawai@gmail.com', 15, '2024-06-06 21:13:30', 1),
(668, '::1', 'kasir@gmail.com', 14, '2024-06-06 21:19:46', 1),
(669, '::1', 'admin@gmail.com', 1, '2024-06-06 21:45:52', 1),
(670, '::1', 'admin@gmail.com', 1, '2024-06-07 19:40:10', 1),
(671, '::1', 'admin@gmail.com', 1, '2024-06-07 20:45:16', 1),
(672, '::1', 'admin@gmail.com', 1, '2024-06-09 16:30:23', 1),
(673, '::1', 'admin@gmail.com', 1, '2024-06-09 16:34:25', 1),
(674, '::1', 'admin@gmail.com', 1, '2024-06-10 17:52:02', 1),
(675, '::1', 'pemilik@gmail.com', 15, '2024-06-11 00:37:01', 1),
(676, '::1', 'admin@gmail.com', 1, '2024-06-11 00:38:27', 1),
(677, '::1', 'kasir@gmail.com', 14, '2024-06-11 00:42:02', 1),
(678, '::1', 'admin@gmail.com', 1, '2024-06-11 00:43:38', 1),
(679, '::1', 'admin@gmail.com', 1, '2024-06-11 17:39:00', 1),
(680, '::1', 'admin@gmail.com', 1, '2024-06-12 18:39:15', 1),
(681, '::1', 'admin@gmail.com', 1, '2024-06-14 19:23:30', 1),
(682, '::1', 'admin@gmail.com', 1, '2024-06-15 18:21:33', 1),
(683, '::1', 'admin@gmail.com', 1, '2024-06-15 21:57:57', 1),
(684, '::1', 'admin@gmail.com', 1, '2024-06-15 22:01:53', 1),
(685, '::1', 'admin@gmail.com', 1, '2024-06-16 10:42:05', 1),
(686, '::1', 'admin@gmail.com', 1, '2024-06-16 11:05:46', 1),
(687, '::1', 'admin@gmail.com', 1, '2024-06-16 18:35:45', 1),
(688, '::1', 'adminadmin', NULL, '2024-06-17 12:29:40', 0),
(689, '::1', 'admin@gmail.com', 1, '2024-06-17 12:29:48', 1),
(690, '::1', 'admin@gmail.com', 1, '2024-06-17 15:50:37', 1),
(691, '::1', 'admin@gmail.com', 1, '2024-06-18 06:13:50', 1),
(692, '::1', 'admin@gmail.com', 1, '2024-06-20 18:43:38', 1),
(693, '::1', 'admin@gmail.com', 1, '2024-06-20 18:43:39', 1),
(694, '::1', 'admin@gmail.com', 1, '2024-06-21 18:47:03', 1),
(695, '::1', 'admin@gmail.com', 1, '2024-06-22 18:50:33', 1),
(696, '::1', 'ganda@gmail.com', 17, '2024-06-22 23:02:07', 1),
(697, '::1', 'ganda', NULL, '2024-06-22 23:03:59', 0),
(698, '::1', 'ganda', NULL, '2024-06-22 23:04:09', 0),
(699, '::1', 'ganda@gmail.com', 17, '2024-06-22 23:04:34', 1),
(700, '::1', 'ganda', NULL, '2024-06-22 23:05:06', 0),
(701, '::1', 'ganda@gmail.com', 17, '2024-06-22 23:05:14', 1),
(702, '::1', 'admin@gmail.com', 1, '2024-06-22 23:08:32', 1),
(703, '::1', 'ganda@gmail.com', 17, '2024-06-23 00:34:13', 1),
(704, '::1', 'admin@gmail.com', 1, '2024-06-23 10:20:56', 1),
(705, '::1', 'admin@gmail.com', 1, '2024-06-23 13:18:15', 1),
(706, '::1', 'admin@gmail.com', 1, '2024-06-23 15:14:12', 1),
(707, '::1', 'admin@gmail.com', 1, '2024-06-23 17:49:20', 1),
(708, '::1', 'admin@gmail.com', 1, '2024-06-23 21:28:54', 1),
(709, '::1', 'admin@gmail.com', 1, '2024-06-24 14:52:34', 1),
(710, '::1', 'admin@gmail.com', 1, '2024-06-28 23:10:38', 1),
(711, '::1', 'admin@gmail.com', 1, '2024-07-01 16:12:39', 1),
(712, '::1', 'admin@gmail.com', 1, '2024-07-02 20:27:19', 1),
(713, '::1', 'admin@gmail.com', 1, '2024-07-04 20:17:44', 1),
(714, '::1', 'admin@gmail.com', 1, '2024-07-04 20:22:13', 1),
(715, '::1', 'admin@gmail.com', 1, '2024-07-05 07:39:36', 1),
(716, '::1', 'admin@gmail.com', 1, '2024-07-06 18:22:50', 1),
(717, '::1', 'admin@gmail.com', 1, '2024-07-06 19:33:19', 1),
(718, '::1', 'admin@gmail.com', 1, '2024-07-06 21:16:08', 1),
(719, '::1', 'admin@gmail.com', 1, '2024-07-07 20:09:56', 1),
(720, '::1', 'admin@gmail.com', 1, '2024-07-07 20:34:16', 1),
(721, '::1', 'admin@gmail.com', 1, '2024-07-08 22:07:42', 1),
(722, '::1', 'admin@gmail.com', 1, '2024-07-09 22:55:25', 1),
(723, '::1', 'admin@gmail.com', 1, '2024-07-10 23:49:49', 1),
(724, '::1', 'admin@gmail.com', 1, '2024-07-11 16:15:29', 1),
(725, '::1', 'admin@gmail.com', 1, '2024-07-11 16:51:40', 1),
(726, '::1', 'admin@gmail.com', 1, '2024-07-11 19:21:54', 1),
(727, '::1', 'admin@gmail.com', 1, '2024-07-12 21:36:39', 1),
(728, '::1', 'kasir@gmail.com', 14, '2024-07-12 22:27:18', 1),
(729, '::1', 'admin@gmail.com', 1, '2024-07-12 22:37:39', 1),
(730, '::1', 'pemilik@gmail.com', 15, '2024-07-12 22:38:22', 1),
(731, '::1', 'pemilik@gmail.com', 15, '2024-07-12 22:47:35', 1),
(732, '::1', 'pemilik@gmail.com', 15, '2024-07-12 23:04:10', 1),
(733, '::1', 'pemilik@gmail.com', 15, '2024-07-12 23:04:37', 1),
(734, '::1', 'pemilik@gmail.com', 15, '2024-07-12 23:05:09', 1),
(735, '::1', 'kasir@gmail.com', 14, '2024-07-14 20:11:56', 1),
(736, '::1', 'kasir@gmail.com', 14, '2024-07-14 21:18:46', 1),
(737, '::1', 'admin@gmail.com', 1, '2024-07-14 21:27:49', 1),
(738, '::1', 'admin@gmail.com', 1, '2024-07-17 17:44:42', 1),
(739, '::1', 'kasir', NULL, '2024-07-17 20:31:52', 0),
(740, '::1', 'kasir@gmail.com', 14, '2024-07-17 20:31:58', 1),
(741, '::1', 'admin@gmail.com', 1, '2024-07-17 20:35:08', 1),
(742, '::1', 'admin@gmail.com', 1, '2024-07-20 09:12:34', 1),
(743, '::1', 'kasir@gmail.com', 14, '2024-07-20 10:31:58', 1),
(744, '::1', 'pemilik@gmail.com', 15, '2024-07-20 10:34:55', 1),
(745, '::1', 'admin@gmail.com', 1, '2024-07-20 11:21:56', 1),
(746, '::1', 'admin@gmail.com', 1, '2024-07-21 12:23:56', 1),
(747, '::1', 'admin@gmail.com', 1, '2024-07-21 22:57:17', 1),
(748, '::1', 'kasir@gmail.com', 14, '2024-07-22 00:17:06', 1),
(749, '::1', 'pemilik@gmail.com', 15, '2024-07-22 00:25:23', 1),
(750, '::1', 'admin@gmail.com', 1, '2024-07-22 00:37:56', 1),
(751, '::1', 'admin@gmail.com', 1, '2024-07-22 10:38:50', 1),
(752, '::1', 'admin@gmail.com', 1, '2024-07-22 11:49:53', 1),
(753, '::1', 'admin@gmail.com', 1, '2024-07-22 12:59:27', 1),
(754, '::1', 'admin@gmail.com', 1, '2024-07-22 13:46:04', 1),
(755, '::1', 'kasir', NULL, '2024-07-22 16:37:15', 0),
(756, '::1', 'Kasir', NULL, '2024-07-22 16:37:26', 0),
(757, '::1', 'kasir', NULL, '2024-07-22 16:38:03', 0),
(758, '::1', 'kasir@gmail.com', 14, '2024-07-22 16:38:52', 1),
(759, '::1', 'pemilik', NULL, '2024-07-22 16:46:09', 0),
(760, '::1', 'pemilik@gmail.com', 15, '2024-07-22 16:46:32', 1),
(761, '::1', 'kasir@gmail.com', 14, '2024-07-22 16:50:42', 1),
(762, '::1', 'kasir@gmail.com', 14, '2024-07-22 17:26:00', 1),
(763, '::1', 'admin@gmail.com', 1, '2024-07-22 18:23:28', 1),
(764, '::1', 'pemilik@gmail.com', 15, '2024-07-22 18:28:43', 1),
(765, '::1', 'admin@gmail.com', 1, '2024-07-22 18:40:24', 1),
(766, '::1', 'kasir@gmail.com', 14, '2024-07-22 19:02:17', 1),
(767, '::1', 'pemilik@gmail.com', 15, '2024-07-22 19:03:34', 1),
(768, '::1', 'admin', NULL, '2024-07-22 19:18:31', 0),
(769, '::1', 'yasmin', NULL, '2024-07-22 19:18:45', 0),
(770, '::1', 'admin', NULL, '2024-07-22 19:19:00', 0),
(771, '::1', 'admin', NULL, '2024-07-22 19:21:36', 0),
(772, '::1', 'pemilik@gmail.com', 15, '2024-07-22 19:21:55', 1),
(773, '::1', 'yasmin@gmail.com', 1, '2024-07-22 19:26:40', 1),
(774, '::1', 'yasmin@gmail.com', 1, '2024-07-22 19:37:54', 1),
(775, '::1', 'kasir@gmail.com', 14, '2024-07-22 20:15:39', 1),
(776, '::1', 'admin@gmail.com', 1, '2024-07-22 20:34:34', 1),
(777, '::1', 'pemilik@gmail.com', 15, '2024-07-22 20:35:12', 1),
(778, '::1', 'pemilik@gmail.com', 15, '2024-07-22 20:38:02', 1),
(779, '::1', 'kasir@gmail.com', 14, '2024-07-22 21:14:25', 1),
(780, '::1', 'admin@gmail.com', 1, '2024-07-23 12:02:51', 1),
(781, '::1', 'kasir@gmail.com', 14, '2024-07-23 12:24:29', 1),
(782, '::1', 'kasir@gmail.com', 14, '2024-07-23 12:26:05', 1),
(783, '::1', 'pemilik', NULL, '2024-07-23 12:26:40', 0),
(784, '::1', 'Ragil', NULL, '2024-07-23 12:26:54', 0),
(785, '::1', 'pemilik@gmail.com', 15, '2024-07-23 12:28:17', 1),
(786, '::1', 'yasmin', NULL, '2024-07-25 12:30:35', 0),
(787, '::1', 'admin@gmail.com', 1, '2024-07-25 12:30:45', 1),
(788, '::1', 'admin@gmail.com', 1, '2024-07-26 09:05:40', 1),
(789, '::1', 'admin@gmail.com', 1, '2024-08-07 12:29:27', 1),
(790, '::1', 'admin@gmail.com', 1, '2024-08-08 08:45:48', 1),
(791, '::1', 'kasir', NULL, '2024-08-08 08:57:05', 0),
(792, '::1', 'kasir@gmail.com', 14, '2024-08-08 08:57:43', 1),
(793, '::1', 'admin@gmail.com', 1, '2024-08-08 09:17:55', 1),
(794, '::1', 'admin@gmail.com', 1, '2024-08-08 15:45:41', 1),
(795, '::1', 'kasir', NULL, '2024-08-08 18:20:40', 0),
(796, '::1', 'kasir', NULL, '2024-08-08 18:20:50', 0),
(797, '::1', 'kasir@gmail.com', 14, '2024-08-08 18:21:41', 1),
(798, '::1', 'admin@gmail.com', 1, '2024-08-08 18:24:36', 1),
(799, '::1', 'kasir@gmail.com', 14, '2024-08-08 18:28:15', 1),
(800, '::1', 'admin@gmail.com', 1, '2024-08-08 19:01:29', 1),
(801, '::1', 'kasir@gmail.com', 14, '2024-08-08 19:07:58', 1),
(802, '::1', 'admin@gmail.com', 1, '2024-08-08 19:10:24', 1),
(803, '::1', 'admin@gmail.com', 1, '2024-09-15 12:32:01', 1),
(804, '::1', 'administrator@gmail.com', 16, '2024-09-15 12:33:34', 1),
(805, '::1', 'admin@gmail.com', 1, '2024-09-15 13:16:30', 1),
(806, '::1', 'pemilik', NULL, '2024-09-15 13:19:41', 0),
(807, '::1', 'pemilik@gmail.com', 15, '2024-09-15 13:20:05', 1),
(808, '::1', 'admin@gmail.com', 1, '2024-09-15 13:51:07', 1),
(809, '::1', 'admin@gmail.com', 1, '2024-09-15 15:18:40', 1),
(810, '::1', 'admin@gmail.com', 1, '2024-09-15 16:31:07', 1),
(811, '::1', 'admin@gmail.com', 1, '2024-09-16 07:19:29', 1),
(812, '::1', 'admin@gmail.com', 1, '2024-09-16 07:20:32', 1),
(813, '::1', 'admin@gmail.com', 1, '2024-09-18 19:08:30', 1),
(814, '::1', 'admin@gmail.com', 1, '2024-09-19 11:06:40', 1),
(815, '::1', 'admin@gmail.com', 1, '2024-09-19 14:14:35', 1),
(816, '::1', 'admin@gmail.com', 1, '2024-09-19 20:27:48', 1),
(817, '::1', 'admin@gmail.com', 1, '2024-09-20 18:54:25', 1),
(818, '::1', 'admin@gmail.com', 1, '2024-09-21 20:39:17', 1),
(819, '::1', 'admin@gmail.com', 1, '2024-09-22 07:24:14', 1),
(820, '::1', 'admin@gmail.com', 1, '2024-09-22 19:20:01', 1),
(821, '::1', 'admin@gmail.com', 1, '2024-09-23 21:24:08', 1),
(822, '::1', 'admin@gmail.com', 1, '2024-09-24 16:12:24', 1),
(823, '::1', 'admin@gmail.com', 1, '2024-09-24 18:35:12', 1);
INSERT INTO `auth_logins` (`id`, `ip_address`, `email`, `user_id`, `date`, `success`) VALUES
(824, '::1', 'farin@gmail.com', 25, '2024-09-24 19:00:56', 1),
(825, '::1', 'faradila281@gmail.com', 27, '2024-09-24 19:21:35', 1),
(826, '::1', 'faradila281@gmail.com', 27, '2024-09-25 05:40:14', 1),
(827, '::1', 'faradila281@gmail.com', 27, '2024-09-26 18:47:33', 1),
(828, '::1', 'admin@gmail.com', 1, '2024-09-26 22:52:20', 1),
(829, '::1', 'faradila281@gmail.com', 27, '2024-09-26 22:52:51', 1),
(830, '::1', 'faradila281@gmail.com', 27, '2024-09-27 22:00:27', 1),
(831, '::1', 'admin@gmail.com', 1, '2024-09-28 05:25:18', 1),
(832, '::1', 'faris', NULL, '2024-09-29 05:27:57', 0),
(833, '::1', 'faradila281@gmail.com', 27, '2024-09-29 05:28:30', 1),
(834, '::1', 'faradila281@gmail.com', 27, '2024-09-29 08:36:17', 1),
(835, '::1', 'admin@gmail.com', 1, '2024-09-30 19:57:50', 1),
(836, '::1', 'faradila281@gmail.com', 27, '2024-09-30 22:32:29', 1),
(837, '::1', 'farin@gmail.com', 25, '2024-09-30 22:33:52', 1),
(838, '::1', 'admin@gmail.com', 1, '2024-09-30 22:37:01', 1);

-- --------------------------------------------------------

--
-- Struktur dari tabel `auth_permissions`
--

CREATE TABLE `auth_permissions` (
  `id` int(10) UNSIGNED NOT NULL,
  `name` varchar(255) NOT NULL,
  `description` varchar(255) NOT NULL
) ENGINE=InnoDB DEFAULT CHARSET=utf8;

--
-- Dumping data untuk tabel `auth_permissions`
--

INSERT INTO `auth_permissions` (`id`, `name`, `description`) VALUES
(1, 'manage user\'s', 'Manage All user\'s'),
(2, 'manage-profile', 'Manage user\'s profile');

-- --------------------------------------------------------

--
-- Struktur dari tabel `auth_reset_attempts`
--

CREATE TABLE `auth_reset_attempts` (
  `id` int(10) UNSIGNED NOT NULL,
  `email` varchar(255) NOT NULL,
  `ip_address` varchar(255) NOT NULL,
  `user_agent` varchar(255) NOT NULL,
  `token` varchar(255) DEFAULT NULL,
  `created_at` datetime NOT NULL
) ENGINE=InnoDB DEFAULT CHARSET=utf8;

-- --------------------------------------------------------

--
-- Struktur dari tabel `auth_tokens`
--

CREATE TABLE `auth_tokens` (
  `id` int(10) UNSIGNED NOT NULL,
  `selector` varchar(255) NOT NULL,
  `hashedValidator` varchar(255) NOT NULL,
  `user_id` int(10) UNSIGNED NOT NULL,
  `expires` datetime NOT NULL
) ENGINE=InnoDB DEFAULT CHARSET=utf8;

-- --------------------------------------------------------

--
-- Struktur dari tabel `auth_users_permissions`
--

CREATE TABLE `auth_users_permissions` (
  `user_id` int(10) UNSIGNED NOT NULL DEFAULT 0,
  `permission_id` int(10) UNSIGNED NOT NULL DEFAULT 0
) ENGINE=InnoDB DEFAULT CHARSET=utf8;

-- --------------------------------------------------------

--
-- Struktur dari tabel `daftar_hadir`
--

CREATE TABLE `daftar_hadir` (
  `id` int(11) NOT NULL,
  `jadwal_imunisasi_id` int(11) NOT NULL,
  `nama_peserta` varchar(255) NOT NULL,
  `status_kehadiran` enum('hadir','tidak hadir') NOT NULL,
  `created_at` datetime DEFAULT current_timestamp(),
  `updated_at` datetime DEFAULT current_timestamp() ON UPDATE current_timestamp()
) ENGINE=InnoDB DEFAULT CHARSET=utf8mb4;

-- --------------------------------------------------------

--
-- Struktur dari tabel `daftar_hadir_imunisasi`
--

CREATE TABLE `daftar_hadir_imunisasi` (
  `id` int(11) NOT NULL,
  `jadwal_imunisasi_id` int(11) NOT NULL,
  `kehadiran` enum('Hadir','Tidak Hadir') DEFAULT 'Hadir',
  `created_at` timestamp NOT NULL DEFAULT current_timestamp(),
  `balita_id` int(11) DEFAULT NULL
) ENGINE=InnoDB DEFAULT CHARSET=utf8mb4;

-- --------------------------------------------------------

--
-- Struktur dari tabel `data_balita`
--

CREATE TABLE `data_balita` (
  `id` int(11) NOT NULL,
  `nama` varchar(100) NOT NULL,
  `jenis_kelamin` enum('L','P') NOT NULL,
  `tgl_lahir` date NOT NULL,
  `nama_ortu` varchar(100) NOT NULL,
  `posyandu_id` int(11) NOT NULL,
  `anak_ke` varchar(100) DEFAULT NULL,
  `bbl` varchar(100) DEFAULT NULL,
  `pbl` varchar(100) DEFAULT NULL,
  `nik_balita` varchar(100) DEFAULT NULL,
  `no_kk` varchar(100) DEFAULT NULL,
  `nik_ortu` varchar(100) DEFAULT NULL,
  `alamat` text NOT NULL,
  `rt` varchar(100) DEFAULT NULL,
  `rw` varchar(100) DEFAULT NULL,
  `umur` varchar(100) DEFAULT NULL,
  `bb_awal` varchar(100) DEFAULT NULL,
  `tb_awal` varchar(100) DEFAULT NULL,
  `lk_awal` varchar(100) DEFAULT NULL,
  `tgl_pemeriksaan_awal` date DEFAULT NULL
) ENGINE=InnoDB DEFAULT CHARSET=utf8mb4;

--
-- Dumping data untuk tabel `data_balita`
--

INSERT INTO `data_balita` (`id`, `nama`, `jenis_kelamin`, `tgl_lahir`, `nama_ortu`, `posyandu_id`, `anak_ke`, `bbl`, `pbl`, `nik_balita`, `no_kk`, `nik_ortu`, `alamat`, `rt`, `rw`, `umur`, `bb_awal`, `tb_awal`, `lk_awal`, `tgl_pemeriksaan_awal`) VALUES
(3, 'lolololo', 'P', '2020-12-12', 'Wanto', 1, NULL, NULL, NULL, NULL, NULL, NULL, '', NULL, NULL, NULL, NULL, NULL, NULL, '2024-09-01'),
(4, 'Anial;joo', 'P', '2020-12-12', 'Wanto', 1, NULL, NULL, NULL, NULL, NULL, NULL, '', NULL, NULL, NULL, NULL, NULL, NULL, '2024-09-01'),
(5, 'Sadam Husein', 'L', '2002-07-05', 'Munip', 3, '2', '675', '57', '3326101010', '3327102028020003', '33251020439480002', '', '02', '6', '1', '23', '56', '12', '2024-09-15'),
(6, 'sdasd', 'L', '2002-09-12', 'sadam', 3, '123', '12312', '33', '33269397', '12', '321', '', '12321', '213', '3123', '213', '3223', '23121', '2024-09-01'),
(7, 'Husen', 'L', '2023-05-11', 'Hartini', 3, '2', '350', '50', '3326102108082009', '65365872346', '73264825', '', NULL, NULL, '1', '21', '12', '2112', NULL),
(8, 'dwer', 'L', '2024-09-05', 'ewrwe', 3, '324', '324', '32432', '34234', '432', '432', '', NULL, NULL, '324', '32423', '4324', '342', NULL),
(10, 'Farin', 'P', '2008-01-10', 'Anik', 3, '2', '5000', '50', '2571128042038140', '4325369945186007', '1111111111111111', '54354355', NULL, NULL, '65', '56757', '576', '5765675', NULL),
(12, 'Anisa', 'L', '2009-09-12', 'isni', 3, '11', '20', '49', '8732467823685264', '5765875786798686', '7687687565463453', 'Pekalongan', NULL, NULL, '12', '20', '121212', '12', '2024-09-29');

-- --------------------------------------------------------

--
-- Struktur dari tabel `data_balita_detail`
--

CREATE TABLE `data_balita_detail` (
  `id_detail` int(11) NOT NULL,
  `bb_awal` varchar(50) DEFAULT NULL,
  `tb_awal` varchar(50) DEFAULT NULL,
  `lk_awal` varchar(50) DEFAULT NULL,
  `bb_u` varchar(50) DEFAULT NULL,
  `bb_tb` varchar(50) DEFAULT NULL,
  `tb_u` varchar(50) DEFAULT NULL,
  `rambu_gizi` varchar(50) DEFAULT NULL,
  `vitamin` varchar(50) DEFAULT NULL,
  `tgl_pemeriksaan` date DEFAULT NULL,
  `asi_eks` varchar(50) DEFAULT NULL,
  `no_hp` varchar(20) DEFAULT NULL,
  `balita_id` int(11) DEFAULT NULL,
  `jenis_imunisasi_id` int(11) DEFAULT NULL
) ENGINE=InnoDB DEFAULT CHARSET=utf8mb4;

--
-- Dumping data untuk tabel `data_balita_detail`
--

INSERT INTO `data_balita_detail` (`id_detail`, `bb_awal`, `tb_awal`, `lk_awal`, `bb_u`, `bb_tb`, `tb_u`, `rambu_gizi`, `vitamin`, `tgl_pemeriksaan`, `asi_eks`, `no_hp`, `balita_id`, `jenis_imunisasi_id`) VALUES
(1, '32423', '4324', '342', NULL, NULL, NULL, NULL, NULL, NULL, NULL, NULL, 8, NULL),
(2, '20', '121212', '12', NULL, NULL, NULL, NULL, NULL, NULL, NULL, NULL, 12, NULL);

-- --------------------------------------------------------

--
-- Struktur dari tabel `imunisasi`
--

CREATE TABLE `imunisasi` (
  `id` int(11) NOT NULL,
  `nama` varchar(100) NOT NULL,
  `jenis_kelamin` varchar(1) NOT NULL,
  `tgl_lahir` date NOT NULL,
  `nama_ortu` varchar(100) NOT NULL,
  `posyandu_id` int(11) NOT NULL,
  `bb_awal` varchar(10) NOT NULL,
  `tb_awal` varchar(10) NOT NULL,
  `bb_u` varchar(10) NOT NULL,
  `tb_u` varchar(10) NOT NULL,
  `bb_tb` varchar(10) NOT NULL,
  `jenis_imunisasi` varchar(100) NOT NULL,
  `tgl_imunisasi` date NOT NULL,
  `keterangan` text DEFAULT NULL
) ENGINE=InnoDB DEFAULT CHARSET=utf8mb4;

-- --------------------------------------------------------

--
-- Struktur dari tabel `jadwal_imunisasi`
--

CREATE TABLE `jadwal_imunisasi` (
  `id` int(11) NOT NULL,
  `nama_posyandu` varchar(100) NOT NULL,
  `alamat_posyandu` varchar(255) NOT NULL,
  `kader_posyandu` int(11) NOT NULL,
  `bidan` int(11) NOT NULL,
  `tanggal` date NOT NULL,
  `jam` time NOT NULL,
  `created_at` timestamp NOT NULL DEFAULT current_timestamp(),
  `updated_at` timestamp NOT NULL DEFAULT current_timestamp() ON UPDATE current_timestamp()
) ENGINE=InnoDB DEFAULT CHARSET=utf8mb4;

--
-- Dumping data untuk tabel `jadwal_imunisasi`
--

INSERT INTO `jadwal_imunisasi` (`id`, `nama_posyandu`, `alamat_posyandu`, `kader_posyandu`, `bidan`, `tanggal`, `jam`, `created_at`, `updated_at`) VALUES
(1, 'gdvyf', 'ytytr', 15, 0, '2024-09-30', '20:59:19', '2024-09-30 13:00:39', '2024-09-30 13:25:07'),
(2, 'sdf', 'fsdf', 16, 0, '2024-10-11', '20:31:00', '2024-09-30 13:27:28', '2024-09-30 13:27:28');

-- --------------------------------------------------------

--
-- Struktur dari tabel `jenis_imunisasi`
--

CREATE TABLE `jenis_imunisasi` (
  `id` int(11) NOT NULL,
  `usia_anak` varchar(20) NOT NULL,
  `jenis_imunisasi` varchar(100) NOT NULL
) ENGINE=InnoDB DEFAULT CHARSET=utf8mb4;

--
-- Dumping data untuk tabel `jenis_imunisasi`
--

INSERT INTO `jenis_imunisasi` (`id`, `usia_anak`, `jenis_imunisasi`) VALUES
(2, '0 Bulan', 'Hepatitis B'),
(3, '0-2 Bulan', 'BCG'),
(4, '2 Bulan', 'DPT-HB-Hib'),
(5, '2 Bulan', 'Polio'),
(6, '4 Bulan', 'DPT-HB-Hib'),
(7, '4 Bulan', 'Polio'),
(8, '6 Bulan', 'DPT-HB-Hib'),
(9, '6 Bulan', 'Polio'),
(10, '9 Bulan', 'Campak/MR'),
(11, '18 Bulan', 'DPT-HB-Hib'),
(12, '18 Bulan', 'MR'),
(13, '1 Tahun', 'PCV'),
(14, '6 Bulan', 'Rotavirus'),
(15, '12 Bulan', 'Varicella'),
(16, 'Setiap Tahun', 'Influenza');

-- --------------------------------------------------------

--
-- Struktur dari tabel `migrations`
--

CREATE TABLE `migrations` (
  `id` bigint(20) UNSIGNED NOT NULL,
  `version` varchar(255) NOT NULL,
  `class` varchar(255) NOT NULL,
  `group` varchar(255) NOT NULL,
  `namespace` varchar(255) NOT NULL,
  `time` int(11) NOT NULL,
  `batch` int(10) UNSIGNED NOT NULL
) ENGINE=InnoDB DEFAULT CHARSET=utf8;

--
-- Dumping data untuk tabel `migrations`
--

INSERT INTO `migrations` (`id`, `version`, `class`, `group`, `namespace`, `time`, `batch`) VALUES
(1, '2017-11-20-223112', 'Myth\\Auth\\Database\\Migrations\\CreateAuthTables', 'default', 'Myth\\Auth', 1695796381, 1);

-- --------------------------------------------------------

--
-- Struktur dari tabel `posyandu`
--

CREATE TABLE `posyandu` (
  `id` int(11) NOT NULL,
  `nama_posyandu` varchar(255) NOT NULL,
  `alamat_posyandu` text DEFAULT NULL,
  `created_at` timestamp NOT NULL DEFAULT current_timestamp(),
  `updated_at` timestamp NOT NULL DEFAULT current_timestamp() ON UPDATE current_timestamp(),
  `kader_posyandu` int(11) DEFAULT NULL
) ENGINE=InnoDB DEFAULT CHARSET=utf8mb4;

--
-- Dumping data untuk tabel `posyandu`
--

INSERT INTO `posyandu` (`id`, `nama_posyandu`, `alamat_posyandu`, `created_at`, `updated_at`, `kader_posyandu`) VALUES
(1, 'Ceria 1', 'Pekalongan', '2024-09-15 09:48:05', '2024-09-19 04:18:19', 14),
(2, 'Ceria 2', 'Panjang Baru', '2024-09-19 04:00:27', '2024-09-19 04:00:27', 15),
(3, 'Ceria 3', 'Panjang Baru', '2024-09-19 13:32:04', '2024-09-19 13:32:45', 14);

-- --------------------------------------------------------

--
-- Struktur dari tabel `users`
--

CREATE TABLE `users` (
  `id` int(10) UNSIGNED NOT NULL,
  `email` varchar(255) NOT NULL,
  `username` varchar(30) DEFAULT NULL,
  `fullname` varchar(255) DEFAULT NULL,
  `jenis_kelamin` enum('L','P') NOT NULL,
  `posisi` enum('bidan','kader') NOT NULL,
  `foto` varchar(255) NOT NULL DEFAULT 'profil.svg',
  `password_hash` varchar(255) NOT NULL,
  `reset_hash` varchar(255) DEFAULT NULL,
  `reset_at` datetime DEFAULT NULL,
  `reset_expires` datetime DEFAULT NULL,
  `activate_hash` varchar(255) DEFAULT NULL,
  `status` varchar(255) DEFAULT NULL,
  `status_message` varchar(255) DEFAULT NULL,
  `active` tinyint(1) NOT NULL DEFAULT 0,
  `force_pass_reset` tinyint(1) NOT NULL DEFAULT 0,
  `created_at` datetime DEFAULT NULL,
  `updated_at` datetime DEFAULT NULL,
  `deleted_at` datetime DEFAULT NULL,
  `posyandu_id` int(11) DEFAULT NULL
) ENGINE=InnoDB DEFAULT CHARSET=utf8;

--
-- Dumping data untuk tabel `users`
--

INSERT INTO `users` (`id`, `email`, `username`, `fullname`, `jenis_kelamin`, `posisi`, `foto`, `password_hash`, `reset_hash`, `reset_at`, `reset_expires`, `activate_hash`, `status`, `status_message`, `active`, `force_pass_reset`, `created_at`, `updated_at`, `deleted_at`, `posyandu_id`) VALUES
(1, 'admin@gmail.com', 'admin', 'Riski', 'L', 'kader', 'AdminFOTOadmin.jpeg', '$2y$10$.wbak6k4o.votDwz7JVbIuU2CsaqMYsY4uC.O9FYVSSKSlc1U4SL6', NULL, NULL, NULL, NULL, NULL, NULL, 1, 0, '2023-10-02 17:15:56', '2024-09-30 22:37:20', NULL, 1),
(25, 'bidan@gmail.com', 'bidan', 'bidan namanya', 'L', 'bidan', 'profil.svg', '$2y$10$aY5/0VD0gD1VRxG3vHQn8OsMzaq4.OnDLvwYvAsvagZ5RSc/l.L3a', NULL, NULL, NULL, NULL, NULL, NULL, 1, 0, '2024-09-24 16:44:11', '2024-09-30 22:36:42', NULL, NULL),
(27, 'kader@gmail.com', 'kader_name', 'Namanya kader', 'P', 'kader', 'profil.svg', '$2y$10$tQ3lBKzyrpvM50p2GGi0RePoJBM0PDZpSmcSr5LyVhbzeFvC4UPie', NULL, NULL, NULL, NULL, NULL, NULL, 1, 0, '2024-09-24 16:47:12', '2024-09-30 22:33:24', NULL, 3);

--
-- Indexes for dumped tables
--

--
-- Indeks untuk tabel `auth_activation_attempts`
--
ALTER TABLE `auth_activation_attempts`
  ADD PRIMARY KEY (`id`);

--
-- Indeks untuk tabel `auth_groups`
--
ALTER TABLE `auth_groups`
  ADD PRIMARY KEY (`id`);

--
-- Indeks untuk tabel `auth_groups_permissions`
--
ALTER TABLE `auth_groups_permissions`
  ADD KEY `auth_groups_permissions_permission_id_foreign` (`permission_id`),
  ADD KEY `group_id_permission_id` (`group_id`,`permission_id`);

--
-- Indeks untuk tabel `auth_groups_users`
--
ALTER TABLE `auth_groups_users`
  ADD KEY `auth_groups_users_user_id_foreign` (`user_id`),
  ADD KEY `group_id_user_id` (`group_id`,`user_id`);

--
-- Indeks untuk tabel `auth_logins`
--
ALTER TABLE `auth_logins`
  ADD PRIMARY KEY (`id`),
  ADD KEY `email` (`email`),
  ADD KEY `user_id` (`user_id`);

--
-- Indeks untuk tabel `auth_permissions`
--
ALTER TABLE `auth_permissions`
  ADD PRIMARY KEY (`id`);

--
-- Indeks untuk tabel `auth_reset_attempts`
--
ALTER TABLE `auth_reset_attempts`
  ADD PRIMARY KEY (`id`);

--
-- Indeks untuk tabel `auth_tokens`
--
ALTER TABLE `auth_tokens`
  ADD PRIMARY KEY (`id`),
  ADD KEY `auth_tokens_user_id_foreign` (`user_id`),
  ADD KEY `selector` (`selector`);

--
-- Indeks untuk tabel `auth_users_permissions`
--
ALTER TABLE `auth_users_permissions`
  ADD KEY `auth_users_permissions_permission_id_foreign` (`permission_id`),
  ADD KEY `user_id_permission_id` (`user_id`,`permission_id`);

--
-- Indeks untuk tabel `daftar_hadir`
--
ALTER TABLE `daftar_hadir`
  ADD PRIMARY KEY (`id`),
  ADD KEY `jadwal_imunisasi_id` (`jadwal_imunisasi_id`);

--
-- Indeks untuk tabel `daftar_hadir_imunisasi`
--
ALTER TABLE `daftar_hadir_imunisasi`
  ADD PRIMARY KEY (`id`),
  ADD KEY `jadwal_imunisasi_id` (`jadwal_imunisasi_id`),
  ADD KEY `balita_id` (`balita_id`);

--
-- Indeks untuk tabel `data_balita`
--
ALTER TABLE `data_balita`
  ADD PRIMARY KEY (`id`),
  ADD KEY `posyandu_id` (`posyandu_id`);

--
-- Indeks untuk tabel `data_balita_detail`
--
ALTER TABLE `data_balita_detail`
  ADD PRIMARY KEY (`id_detail`),
  ADD KEY `fk_jenis_imunisasi` (`jenis_imunisasi_id`),
  ADD KEY `data_balita_detail_ibfk_1` (`balita_id`);

--
-- Indeks untuk tabel `imunisasi`
--
ALTER TABLE `imunisasi`
  ADD PRIMARY KEY (`id`),
  ADD KEY `posyandu_id` (`posyandu_id`);

--
-- Indeks untuk tabel `jadwal_imunisasi`
--
ALTER TABLE `jadwal_imunisasi`
  ADD PRIMARY KEY (`id`);

--
-- Indeks untuk tabel `jenis_imunisasi`
--
ALTER TABLE `jenis_imunisasi`
  ADD PRIMARY KEY (`id`);

--
-- Indeks untuk tabel `migrations`
--
ALTER TABLE `migrations`
  ADD PRIMARY KEY (`id`);

--
-- Indeks untuk tabel `posyandu`
--
ALTER TABLE `posyandu`
  ADD PRIMARY KEY (`id`);

--
-- Indeks untuk tabel `users`
--
ALTER TABLE `users`
  ADD PRIMARY KEY (`id`),
  ADD UNIQUE KEY `email` (`email`),
  ADD UNIQUE KEY `username` (`username`),
  ADD KEY `fk_posyandu` (`posyandu_id`);

--
-- AUTO_INCREMENT untuk tabel yang dibuang
--

--
-- AUTO_INCREMENT untuk tabel `auth_activation_attempts`
--
ALTER TABLE `auth_activation_attempts`
  MODIFY `id` int(10) UNSIGNED NOT NULL AUTO_INCREMENT;

--
-- AUTO_INCREMENT untuk tabel `auth_groups`
--
ALTER TABLE `auth_groups`
  MODIFY `id` int(10) UNSIGNED NOT NULL AUTO_INCREMENT, AUTO_INCREMENT=6;

--
-- AUTO_INCREMENT untuk tabel `auth_logins`
--
ALTER TABLE `auth_logins`
  MODIFY `id` int(10) UNSIGNED NOT NULL AUTO_INCREMENT, AUTO_INCREMENT=839;

--
-- AUTO_INCREMENT untuk tabel `auth_permissions`
--
ALTER TABLE `auth_permissions`
  MODIFY `id` int(10) UNSIGNED NOT NULL AUTO_INCREMENT, AUTO_INCREMENT=3;

--
-- AUTO_INCREMENT untuk tabel `auth_reset_attempts`
--
ALTER TABLE `auth_reset_attempts`
  MODIFY `id` int(10) UNSIGNED NOT NULL AUTO_INCREMENT;

--
-- AUTO_INCREMENT untuk tabel `auth_tokens`
--
ALTER TABLE `auth_tokens`
  MODIFY `id` int(10) UNSIGNED NOT NULL AUTO_INCREMENT;

--
-- AUTO_INCREMENT untuk tabel `daftar_hadir`
--
ALTER TABLE `daftar_hadir`
  MODIFY `id` int(11) NOT NULL AUTO_INCREMENT;

--
-- AUTO_INCREMENT untuk tabel `daftar_hadir_imunisasi`
--
ALTER TABLE `daftar_hadir_imunisasi`
  MODIFY `id` int(11) NOT NULL AUTO_INCREMENT;

--
-- AUTO_INCREMENT untuk tabel `data_balita`
--
ALTER TABLE `data_balita`
  MODIFY `id` int(11) NOT NULL AUTO_INCREMENT, AUTO_INCREMENT=13;

--
-- AUTO_INCREMENT untuk tabel `data_balita_detail`
--
ALTER TABLE `data_balita_detail`
  MODIFY `id_detail` int(11) NOT NULL AUTO_INCREMENT, AUTO_INCREMENT=3;

--
-- AUTO_INCREMENT untuk tabel `imunisasi`
--
ALTER TABLE `imunisasi`
  MODIFY `id` int(11) NOT NULL AUTO_INCREMENT;

--
-- AUTO_INCREMENT untuk tabel `jadwal_imunisasi`
--
ALTER TABLE `jadwal_imunisasi`
  MODIFY `id` int(11) NOT NULL AUTO_INCREMENT, AUTO_INCREMENT=3;

--
-- AUTO_INCREMENT untuk tabel `jenis_imunisasi`
--
ALTER TABLE `jenis_imunisasi`
  MODIFY `id` int(11) NOT NULL AUTO_INCREMENT, AUTO_INCREMENT=18;

--
-- AUTO_INCREMENT untuk tabel `migrations`
--
ALTER TABLE `migrations`
  MODIFY `id` bigint(20) UNSIGNED NOT NULL AUTO_INCREMENT, AUTO_INCREMENT=2;

--
-- AUTO_INCREMENT untuk tabel `posyandu`
--
ALTER TABLE `posyandu`
  MODIFY `id` int(11) NOT NULL AUTO_INCREMENT, AUTO_INCREMENT=4;

--
-- AUTO_INCREMENT untuk tabel `users`
--
ALTER TABLE `users`
  MODIFY `id` int(10) UNSIGNED NOT NULL AUTO_INCREMENT, AUTO_INCREMENT=28;

--
-- Ketidakleluasaan untuk tabel pelimpahan (Dumped Tables)
--

--
-- Ketidakleluasaan untuk tabel `daftar_hadir`
--
ALTER TABLE `daftar_hadir`
  ADD CONSTRAINT `daftar_hadir_ibfk_1` FOREIGN KEY (`jadwal_imunisasi_id`) REFERENCES `jadwal_imunisasi` (`id`) ON DELETE CASCADE;

--
-- Ketidakleluasaan untuk tabel `daftar_hadir_imunisasi`
--
ALTER TABLE `daftar_hadir_imunisasi`
  ADD CONSTRAINT `daftar_hadir_imunisasi_ibfk_1` FOREIGN KEY (`jadwal_imunisasi_id`) REFERENCES `jadwal_imunisasi` (`id`) ON DELETE CASCADE,
  ADD CONSTRAINT `daftar_hadir_imunisasi_ibfk_2` FOREIGN KEY (`balita_id`) REFERENCES `data_balita` (`id`);

--
-- Ketidakleluasaan untuk tabel `data_balita`
--
ALTER TABLE `data_balita`
  ADD CONSTRAINT `data_balita_ibfk_1` FOREIGN KEY (`posyandu_id`) REFERENCES `posyandu` (`id`) ON DELETE CASCADE;

--
-- Ketidakleluasaan untuk tabel `data_balita_detail`
--
ALTER TABLE `data_balita_detail`
  ADD CONSTRAINT `data_balita_detail_ibfk_1` FOREIGN KEY (`balita_id`) REFERENCES `data_balita` (`id`) ON DELETE CASCADE ON UPDATE CASCADE,
  ADD CONSTRAINT `fk_jenis_imunisasi` FOREIGN KEY (`jenis_imunisasi_id`) REFERENCES `jenis_imunisasi` (`id`);

--
-- Ketidakleluasaan untuk tabel `imunisasi`
--
ALTER TABLE `imunisasi`
  ADD CONSTRAINT `imunisasi_ibfk_1` FOREIGN KEY (`posyandu_id`) REFERENCES `posyandu` (`id`) ON DELETE CASCADE;

--
-- Ketidakleluasaan untuk tabel `users`
--
ALTER TABLE `users`
  ADD CONSTRAINT `fk_posyandu` FOREIGN KEY (`posyandu_id`) REFERENCES `posyandu` (`id`) ON DELETE SET NULL ON UPDATE CASCADE;
COMMIT;

/*!40101 SET CHARACTER_SET_CLIENT=@OLD_CHARACTER_SET_CLIENT */;
/*!40101 SET CHARACTER_SET_RESULTS=@OLD_CHARACTER_SET_RESULTS */;
/*!40101 SET COLLATION_CONNECTION=@OLD_COLLATION_CONNECTION */;
